Time,AgeStart,Age,Deaths,Population
1950,0,0-4,814529,10399051.5
1950,5,5-9,77207,9213437
1950,10,10-14,41352,8729788.5
1950,15,15-19,46229,7742332.5
1950,20,20-24,53848,6603299
1950,25,25-29,45627,5306067
1950,30,30-34,42095,4516259
1950,35,35-39,43189,4143223
1950,40,40-44,41975,3518422.5
1950,45,45-49,38111,2808322
1950,50,50-54,36087,2094421.0000000000
1950,55,55-59,33538,1508490.5
1950,60,60-64,33412,1013643.5
1950,65,65-69,30036,625747.5
1950,70,70-74,25993,345098
1950,75,75-79,17742,156836.5
1950,80,80-84,9578,56549.5
1950,85,85-89,3593,14898
1950,90,90-94,881,2750.5
1950,95,95-99,130,358.5
1950,100,100,9,29.5
1951,0,0-4,813144,10525051.5
1951,5,5-9,75114,9234702
1951,10,10-14,40819,8822157.5
1951,15,15-19,46403,7925942
1951,20,20-24,54235,6813291.5
1951,25,25-29,46281,5514120
1951,30,30-34,41867,4593153.5
1951,35,35-39,42859,4188490
1951,40,40-44,42631,3627167.5
1951,45,45-49,39165,2915350
1951,50,50-54,37508,2189974.5
1951,55,55-59,35203,1587814
1951,60,60-64,35236,1070804
1951,65,65-69,31840,663441
1951,70,70-74,27655,366925.5
1951,75,75-79,19019,167894
1951,80,80-84,10257,60453
1951,85,85-89,3870,15998
1951,90,90-94,978,3032.5
1951,95,95-99,189,483
1951,100,100,25,57.5
1952,0,0-4,815777,10760270
1952,5,5-9,72424,9256505
1952,10,10-14,39706,8886999
1952,15,15-19,46146,8106327.5
1952,20,20-24,54216,7009339.5
1952,25,25-29,46813,5740248
1952,30,30-34,41638,4694953.5
1952,35,35-39,42217,4224344.5
1952,40,40-44,42995,3729737
1952,45,45-49,39978,3019127.5
1952,50,50-54,38861,2292568.5
1952,55,55-59,36726,1667612.5
1952,60,60-64,36980,1130203.5
1952,65,65-69,33623,703229.5
1952,70,70-74,29295,389678.5
1952,75,75-79,20327,179582.5
1952,80,80-84,10957,64621.00000000000
1952,85,85-89,4147,17136
1952,90,90-94,1067,3293.5
1952,95,95-99,231,571.5
1952,100,100,41,84
1953,0,0-4,820895,11109502.5
1953,5,5-9,69869,9274947.5
1953,10,10-14,38635,8930075
1953,15,15-19,45984,8275847
1953,20,20-24,54354,7196113.5
1953,25,25-29,47594,5974807
1953,30,30-34,41819,4822711.5
1953,35,35-39,41747,4259201.5
1953,40,40-44,43366,3820729.5
1953,45,45-49,40890,3122474
1953,50,50-54,40391,2401239
1953,55,55-59,38307,1747094
1953,60,60-64,38826,1192125
1953,65,65-69,35514,745109
1953,70,70-74,31009,413582
1953,75,75-79,21686,191859
1953,80,80-84,11700,69111.5
1953,85,85-89,4434,18326.5
1953,90,90-94,1150,3544
1953,95,95-99,262,638.5
1953,100,100,54,106.5
1954,0,0-4,828401,11587664
1954,5,5-9,67152,9278539
1954,10,10-14,37484,8957788
1954,15,15-19,45554,8426619.5
1954,20,20-24,54080,7378843
1954,25,25-29,47988,6208236
1954,30,30-34,41949,4977176
1954,35,35-39,41135,4301522.5
1954,40,40-44,43366,3897979
1954,45,45-49,41614,3225613.5
1954,50,50-54,41812,2512223.5
1954,55,55-59,39817,1827653
1954,60,60-64,40693,1256892.5
1954,65,65-69,37461,788969
1954,70,70-74,32803,438830.5
1954,75,75-79,23104,204672
1954,80,80-84,12506,73958.5
1954,85,85-89,4737,19579
1954,90,90-94,1234,3795
1954,95,95-99,286,691
1954,100,100,65,124.5
1955,0,0-4,835896,12139401
1955,5,5-9,65043.00000000000,9322276
1955,10,10-14,36360,8978432.5
1955,15,15-19,45030,8551817.5
1955,20,20-24,53865,7562151.5
1955,25,25-29,48318,6432154
1955,30,30-34,42316,5158661.5
1955,35,35-39,40709,4359170
1955,40,40-44,43219,3959816.5
1955,45,45-49,42374,3330449.5
1955,50,50-54,43171,2619947
1955,55,55-59,41381,1911064
1955,60,60-64,42657,1324867.5
1955,65,65-69,39496,834716
1955,70,70-74,34707,465581.5
1955,75,75-79,24584,218001.5
1955,80,80-84,13376,79173.5
1955,85,85-89,5059,20902
1955,90,90-94,1319,4052.0000000000000
1955,95,95-99,306,734
1955,100,100,73,138
1956,0,0-4,840539,12688402
1956,5,5-9,63884,9466154.5
1956,10,10-14,35200,9007509
1956,15,15-19,44214,8648171.5
1956,20,20-24,53455,7747162
1956,25,25-29,48323,6641947
1956,30,30-34,42703,5364745
1956,35,35-39,40363,4437985
1956,40,40-44,42799,4007330.5
1956,45,45-49,43034,3436174.5
1956,50,50-54,44302,2721688.5
1956,55,55-59,42933,1999393
1956,60,60-64,44609,1395357.5
1956,65,65-69,41542,882362
1956,70,70-74,36670,493960
1956,75,75-79,26094,231896
1956,80,80-84,14291,84754.5
1956,85,85-89,5395,22315.5
1956,90,90-94,1406,4317.5
1956,95,95-99,324,775
1956,100,100,79,148.5
1957,0,0-4,843975,13240771.5
1957,5,5-9,63359,9709992.5
1957,10,10-14,34073,9037246.5
1957,15,15-19,43291,8717931
1957,20,20-24,53055,7929576
1957,25,25-29,48236,6838908
1957,30,30-34,43200,5588743.5
1957,35,35-39,40240,4540903.5
1957,40,40-44,42293,4046148
1957,45,45-49,43607,3536388.5
1957,50,50-54,45349,2820762.5
1957,55,55-59,44594,2094420
1957,60,60-64,46575,1466412
1957,65,65-69,43667,932043.5
1957,70,70-74,38747,524031.50000000000
1957,75,75-79,27668,246462.5
1957,80,80-84,15262,90683
1957,85,85-89,5759,23840.5
1957,90,90-94,1497,4597
1957,95,95-99,342,816.5
1957,100,100,83,156.5
1958,0,0-4,846543,13794562
1958,5,5-9,63387,10061761
1958,10,10-14,33065,9063634.5
1958,15,15-19,43432,8766045
1958,20,20-24,55375,8100604.5
1958,25,25-29,50540,7026387.5
1958,30,30-34,45540,5820630
1958,35,35-39,41612,4668435
1958,40,40-44,42807,4083770
1958,45,45-49,44881,3625600.5
1958,50,50-54,46970,2919472
1958,55,55-59,46830,2195006
1958,60,60-64,48818,1537165.5
1958,65,65-69,46064,983871.5
1958,70,70-74,41041,555703.5
1958,75,75-79,29367,261804.50000000000
1958,80,80-84,16312.000000000000,96913
1958,85,85-89,6165,25487
1958,90,90-94,1596,4889.5
1958,95,95-99,361,857.5
1958,100,100,87,162.5
1959,0,0-4,848330,14346022.5
1959,5,5-9,63847,10537930
1959,10,10-14,31934,9075491
1959,15,15-19,41778,8799145
1959,20,20-24,53335,8253373.5
1959,25,25-29,49032,7209993
1959,30,30-34,45047,6051646
1959,35,35-39,41213,4821688
1959,40,40-44,41819,4128510
1959,45,45-49,44671,3701940
1959,50,50-54,47616,3018145.5
1959,55,55-59,48344,2297860.5
1959,60,60-64,50605,1608992.5
1959,65,65-69,48242,1038181
1959,70,70-74,43251,588930
1959,75,75-79,31080,278056
1959,80,80-84,17361,103431
1959,85,85-89,6581,27268
1959,90,90-94,1695,5198.5
1959,95,95-99,378,898
1959,100,100,90,169
1960,0,0-4,849519,14890631
1960,5,5-9,64526.00000000000,11086361.5
1960,10,10-14,31032,9126142.5
1960,15,15-19,40703,8825773.5
1960,20,20-24,52555,8382528
1960,25,25-29,48766,7395201
1960,30,30-34,45368,6274455
1960,35,35-39,41656,5001557
1960,40,40-44,41508,4188272.5
1960,45,45-49,44714,3764149
1960,50,50-54,48599,3118734
1960,55,55-59,50028,2398118.5
1960,60,60-64,52602,1683650.5
1960,65,65-69,50642,1095365
1960,70,70-74,45631,623702
1960,75,75-79,32935,295345
1960,80,80-84,18478,110245.5
1960,85,85-89,7042,29191.5
1960,90,90-94,1804,5529.5
1960,95,95-99,397,941
1960,100,100,94,176.5
1961,0,0-4,849091,15426735.5
1961,5,5-9,65416,11633950
1961,10,10-14,30664,9273945.5
1961,15,15-19,39977,8860529.5
1961,20,20-24,52005,8483855.5
1961,25,25-29,48882,7582163
1961,30,30-34,45901,6483854.5
1961,35,35-39,42553,5205230.5
1961,40,40-44,41658,4268200.5
1961,45,45-49,44833,3812838
1961,50,50-54,49819,3220131
1961,55,55-59,51771,2493061
1961,60,60-64,54866,1762783.5
1961,65,65-69,53258,1154671.5
1961,70,70-74,48189,659942
1961,75,75-79,34943,313697
1961,80,80-84,19658,117361
1961,85,85-89,7538,31250
1961,90,90-94,1920,5881
1961,95,95-99,417,987.5
1961,100,100,97,181
1962,0,0-4,846306,15951467
1962,5,5-9,65706,12186610
1962,10,10-14,30306,9519560
1962,15,15-19,38380,8895982.5
1962,20,20-24,49468,8560131.5
1962,25,25-29,47227,7767341.5
1962,30,30-34,44906,6681499.5
1962,35,35-39,42457,5426647.5
1962,40,40-44,41160,4371388.5
1962,45,45-49,44089,3853504.5
1962,50,50-54,50295,3316580
1962,55,55-59,52864,2585857.5
1962,60,60-64,56841,1848014.5
1962,65,65-69,55559,1214504
1962,70,70-74,50614,697814.5
1962,75,75-79,36946,333171
1962,80,80-84,20834,124848.5
1962,85,85-89,8045,33443
1962,90,90-94,2040,6263
1962,95,95-99,437,1036
1962,100,100,100,185.5
1963,0,0-4,843141,16462918.5
1963,5,5-9,66045,12742116
1963,10,10-14,30392,9871285.5
1963,15,15-19,37383,8928364
1963,20,20-24,48205,8616852
1963,25,25-29,46740,7943935.5
1963,30,30-34,44775,6872110
1963,35,35-39,43068,5657337.5
1963,40,40-44,41401,4499217.5
1963,45,45-49,43794,3893892
1963,50,50-54,50973,3403540
1963,55,55-59,54229,2679006
1963,60,60-64,59175,1938640
1963,65,65-69,58024,1274367
1963,70,70-74,53269,737551.5
1963,75,75-79,39128,353787
1963,80,80-84,22119,132784.5
1963,85,85-89,8602,35759.5
1963,90,90-94,2178,6679
1963,95,95-99,459,1088
1963,100,100,104,193
1964,0,0-4,837164,16962281
1964,5,5-9,65643,13297158
1964,10,10-14,30443,10346115
1964,15,15-19,36052,8948167
1964,20,20-24,46569,8662447.5
1964,25,25-29,45819,8107015
1964,30,30-34,44279,7062376
1964,35,35-39,43336,5889763.5
1964,40,40-44,41582,4653367
1964,45,45-49,43315,3942146
1964,50,50-54,51173,3479392.5
1964,55,55-59,55283,2772879
1964,60,60-64,61263,2031867.5
1964,65,65-69,60243,1335581
1964,70,70-74,55803,779514
1964,75,75-79,41264,375607.5
1964,80,80-84,23392,141302.5
1964,85,85-89,9149,38235.5
1964,90,90-94,2316,7160.5
1964,95,95-99,482,1168
1964,100,100,107,204.5
1965,0,0-4,966634,17381542.5
1965,5,5-9,98447,13826573.5
1965,10,10-14,44537,10883121.5
1965,15,15-19,59603,8984875
1965,20,20-24,89290,8662952
1965,25,25-29,88924,8208675.000000000
1965,30,30-34,78540,7224616.5
1965,35,35-39,73285,6091463.5
1965,40,40-44,66516,4815587.5
1965,45,45-49,65471,3990119
1965,50,50-54,73284,3528996
1965,55,55-59,77903,2856519
1965,60,60-64,83270,2112137.5
1965,65,65-69,80116,1390052
1965,70,70-74,71659,816601.5
1965,75,75-79,49483,395072.5
1965,80,80-84,28648,148207.5
1965,85,85-89,11645,39622.5
1965,90,90-94,3078,7183
1965,95,95-99,654,1035
1965,100,100,135,178
1966,0,0-4,840874,17770191
1966,5,5-9,79669,14334570
1966,10,10-14,42874,11410617.5
1966,15,15-19,44176,9103470
1966,20,20-24,54702,8646316
1966,25,25-29,56093,8256019
1966,30,30-34,54983,7366345.5
1966,35,35-39,54460,6264096
1966,40,40-44,50641,4989500
1966,45,45-49,49365,4049650.5
1966,50,50-54,56561,3560594.5
1966,55,55-59,62014,2936950.5
1966,60,60-64,68316,2185199.5
1966,65,65-69,67035,1446642.5
1966,70,70-74,62340,853880.5
1966,75,75-79,46179,414565.5
1966,80,80-84,26190,155325
1966,85,85-89,10085,40863.5
1966,90,90-94,2422,7060.5
1966,95,95-99,393,779
1966,100,100,79,117
1967,0,0-4,806949,18201254
1967,5,5-9,64003,14844826.5
1967,10,10-14,31137,11949648
1967,15,15-19,33651,9334010.5
1967,20,20-24,41702,8653663.5
1967,25,25-29,41973,8297875.5
1967,30,30-34,42432,7519791.5
1967,35,35-39,43213,6437813.5
1967,40,40-44,42971,5190850.5
1967,45,45-49,42976,4141380.5
1967,50,50-54,50670,3595163
1967,55,55-59,58416,3023352.5
1967,60,60-64,66627,2266463
1967,65,65-69,67235,1517244.5
1967,70,70-74,63462,898333.5
1967,75,75-79,47785,438019
1967,80,80-84,27227,165181
1967,85,85-89,10420,43383
1967,90,90-94,2444,7384
1967,95,95-99,328,682.5
1967,100,100,47,73
1968,0,0-4,793849,18622380.5
1968,5,5-9,63349,15346641.5
1968,10,10-14,31347,12498510.5
1968,15,15-19,33773,9684078.5
1968,20,20-24,40541,8679247
1968,25,25-29,40824,8337777.5
1968,30,30-34,41966,7677171.5
1968,35,35-39,43153,6614450
1968,40,40-44,43706,5407817
1968,45,45-49,43437,4261356
1968,50,50-54,50490,3633306
1968,55,55-59,59411,3104197
1968,60,60-64,68479,2350444.5
1968,65,65-69,70209,1593986
1968,70,70-74,66419,944191
1968,75,75-79,50344,463298
1968,80,80-84,28924,176033
1968,85,85-89,11101,46382
1968,90,90-94,2588,7937
1968,95,95-99,311,746.5
1968,100,100,29,55
1969,0,0-4,779455,19030871.5
1969,5,5-9,62043,15832467
1969,10,10-14,31266,13047265
1969,15,15-19,33939,10164303
1969,20,20-24,38801,8709005.5
1969,25,25-29,39048,8379009.5
1969,30,30-34,40887,7828461.5
1969,35,35-39,42568,6794924.5
1969,40,40-44,43959,5629330.5
1969,45,45-49,43726,4408103
1969,50,50-54,50042,3679975
1969,55,55-59,59838,3175761
1969,60,60-64,70005,2435812.5
1969,65,65-69,73006,1673410
1969,70,70-74,69299,991617.5
1969,75,75-79,53051,490344.5
1969,80,80-84,30729,187567
1969,85,85-89,11887,49755
1969,90,90-94,2819,8661
1969,95,95-99,386,928.5
1969,100,100,33,66
1970,0,0-4,763338,19411223.5
1970,5,5-9,60756,16308161.5
1970,10,10-14,31118,13589646.5
1970,15,15-19,34341,10714587
1970,20,20-24,37488,8780456.5
1970,25,25-29,37508,8417970
1970,30,30-34,39857,7959169.5
1970,35,35-39,42100,6977410
1970,40,40-44,44221,5844266
1970,45,45-49,44317,4579697.5
1970,50,50-54,49852,3740297.5
1970,55,55-59,60070,3235641.5
1970,60,60-64,71577,2523162.5
1970,65,65-69,75677,1751535.5
1970,70,70-74,72211,1041494.5
1970,75,75-79,55833,519233.50000000000
1970,80,80-84,32553.000000000000,199588
1970,85,85-89,12715,53366
1970,90,90-94,3061,9406
1970,95,95-99,461,1090.5
1970,100,100,46,91
1971,0,0-4,745908,19739545.5
1971,5,5-9,59930,16783155
1971,10,10-14,31175,14123929.5
1971,15,15-19,34970,11262060.5
1971,20,20-24,36944,8946362
1971,25,25-29,36432,8466621.5
1971,30,30-34,39076,8064155.5
1971,35,35-39,41963,7161177.5
1971,40,40-44,44649,6047337.5
1971,45,45-49,45333,4773395.5
1971,50,50-54,50155,3818717.5
1971,55,55-59,60350,3284206.5
1971,60,60-64,73464,2611410.5
1971,65,65-69,78413,1826428
1971,70,70-74,75494,1094822
1971,75,75-79,58877,549610.5
1971,80,80-84,34506,212083.5
1971,85,85-89,13617,57194
1971,90,90-94,3310,10153.5
1971,95,95-99,523,1221
1971,100,100,61,115.5
1972,0,0-4,728641,20029218
1972,5,5-9,59166,17250356.5
1972,10,10-14,31256,14646457.5
1972,15,15-19,35632,11811702
1972,20,20-24,36857,9205898.5
1972,25,25-29,35496,8517053.5
1972,30,30-34,38285,8144637
1972,35,35-39,41876,7341731
1972,40,40-44,45019,6239060.5
1972,45,45-49,46495,4983072
1972,50,50-54,50746,3917582
1972,55,55-59,60500,3325707.5
1972,60,60-64,75242,2695671
1972,65,65-69,81037,1900207.5
1972,70,70-74,79003,1152287
1972,75,75-79,61957,580485
1972,80,80-84,36519,225110.5
1972,85,85-89,14562,61225.5
1972,90,90-94,3562,10911.5
1972,95,95-99,576,1332
1972,100,100,73,135
1973,0,0-4,711845,20312504.5
1973,5,5-9,58194,17697500
1973,10,10-14,31190,15152176
1973,15,15-19,36218,12361207.5
1973,20,20-24,37142,9565806.5
1973,25,25-29,34586,8564927.5
1973,30,30-34,37412,8205058.000000000
1973,35,35-39,41715,7512127.5
1973,40,40-44,45293,6423081
1973,45,45-49,47677,5200622.5
1973,50,50-54,51601,4037948.5
1973,55,55-59,60631,3366565
1973,60,60-64,76793,2772134
1973,65,65-69,83624,1974533.5
1973,70,70-74,82724,1213252
1973,75,75-79,65067.00000000000,611537.5
1973,80,80-84,38609,238812.5
1973,85,85-89,15531,65449
1973,90,90-94,3814,11695.5
1973,95,95-99,619,1427
1973,100,100,81,149.5
1974,0,0-4,691029,20559908.5
1974,5,5-9,56921,18128409
1974,10,10-14,30989,15640225.5
1974,15,15-19,36756,12907434.5
1974,20,20-24,37881,10041645
1974,25,25-29,33733,8599433.5
1974,30,30-34,36561,8251509.5
1974,35,35-39,41512,7665703.5
1974,40,40-44,45570,6603638.5
1974,45,45-49,48869,5417999
1974,50,50-54,52744,4180683.5
1974,55,55-59,60872,3413339.5
1974,60,60-64,78087,2839076
1974,65,65-69,86217,2049347.5000000000
1974,70,70-74,86549,1275842
1974,75,75-79,68237,643437.5
1974,80,80-84,40817,253355.5
1974,85,85-89,16545,69858.5
1974,90,90-94,4079.0000000000000,12522.5
1974,95,95-99,660,1515
1974,100,100,88,160.5
1975,0,0-4,673843,20780148
1975,5,5-9,55598,18530925.5
1975,10,10-14,30724,16117636.5
1975,15,15-19,37087,13446860
1975,20,20-24,38600,10583954.5
1975,25,25-29,32880,8670741.5
1975,30,30-34,35521,8292092.000000000
1975,35,35-39,40973,7796635
1975,40,40-44,45602,6784439
1975,45,45-49,49725,5628048.5
1975,50,50-54,53909,4346293
1975,55,55-59,61090,3472185.5
1975,60,60-64,78797,2895241
1975,65,65-69,88598,2125562
1975,70,70-74,90031,1337412.5
1975,75,75-79,71364,677093.5
1975,80,80-84,43072,268926
1975,85,85-89,17565,74472
1975,90,90-94,4354,13408.5
1975,95,95-99,699,1605
1975,100,100,92,168
1976,0,0-4,657869,21012442
1976,5,5-9,54409,18883442.5
1976,10,10-14,30630,16594094.5
1976,15,15-19,37785,13978012.5
1976,20,20-24,39942,11122746
1976,25,25-29,32960,8833224
1976,30,30-34,35054,8340827.500000000
1976,35,35-39,40761,7901569.5
1976,40,40-44,46025,6965932.5
1976,45,45-49,50785,5826483
1976,50,50-54,55576,4532785
1976,55,55-59,61877,3547614.5
1976,60,60-64,79491,2941272
1976,65,65-69,91303,2202392.5
1976,70,70-74,93560,1396710
1976,75,75-79,74869,713258
1976,80,80-84,45555,285331
1976,85,85-89,18674,79297
1976,90,90-94,4660,14353.5
1976,95,95-99,740,1695
1976,100,100,95,173
1977,0,0-4,640564,21242249
1977,5,5-9,52374,19199085
1977,10,10-14,29986,17063203
1977,15,15-19,37569,14497903
1977,20,20-24,39995,11663958
1977,25,25-29,32330,9087454
1977,30,30-34,33646,8391036.5
1977,35,35-39,39438,7982571.5
1977,40,40-44,45422,7144515.5
1977,45,45-49,50755,6014426.5
1977,50,50-54,56497,4734925
1977,55,55-59,62167,3642331.5
1977,60,60-64,79124,2981458.5
1977,65,65-69,93028,2276260.5
1977,70,70-74,96270,1455792.5
1977,75,75-79,78187,752525
1977,80,80-84,47833,302111.5
1977,85,85-89,19741,84403
1977,90,90-94,4958,15367.5
1977,95,95-99,779,1789
1977,100,100,97,175
1978,0,0-4,628636,21478683.5
1978,5,5-9,50878,19507921
1978,10,10-14,29578,17513176
1978,15,15-19,37527,15002335.5
1978,20,20-24,40240,12206970.5
1978,25,25-29,32256,9441912
1978,30,30-34,32553.000000000000,8439872.5
1978,35,35-39,38370,8045009
1978,40,40-44,45111,7314248.5
1978,45,45-49,51012,6195968
1978,50,50-54,57850,4945486
1978,55,55-59,63181,3757755
1978,60,60-64,79243,3021807
1978,65,65-69,95083,2344199
1978,70,70-74,99623,1515981
1978,75,75-79,82268,794404
1978,80,80-84,50492,319083.5
1978,85,85-89,21026,89832.5
1978,90,90-94,5321,16446
1978,95,95-99,827,1897
1978,100,100,98,176
1979,0,0-4,616125,21749446
1979,5,5-9,49354,19781866
1979,10,10-14,29156,17947342.5
1979,15,15-19,37134,15490180.5
1979,20,20-24,39803,12748626.5
1979,25,25-29,32035.000000000000,9911979
1979,30,30-34,31100,8476521
1979,35,35-39,36944,8094635.5
1979,40,40-44,44387,7468514.5
1979,45,45-49,50928,6375058.5
1979,50,50-54,58893,5156752.5
1979,55,55-59,64249.00000000000,3894710
1979,60,60-64,79198,3068040
1979,65,65-69,96467,2404598.5
1979,70,70-74,102623,1577003.5
1979,75,75-79,86163,837566.5
1979,80,80-84,53026,336614
1979,85,85-89,22309,95614.5
1979,90,90-94,5678,17571
1979,95,95-99,879,2014.5
1979,100,100,100,178.5
1980,0,0-4,600994,22025775.5
1980,5,5-9,47681,20028419.5
1980,10,10-14,28626,18353473.5
1980,15,15-19,36963,15968025.5
1980,20,20-24,39905,13284975.5
1980,25,25-29,32450.000000000000,10448784.5
1980,30,30-34,30197,8549964
1980,35,35-39,35866,8139054
1980,40,40-44,43821,7601408.5
1980,45,45-49,51052,6555101.5
1980,50,50-54,59982,5361846.5
1980,55,55-59,65771,4053699
1980,60,60-64,79555,3125600
1980,65,65-69,97592,2456383.5
1980,70,70-74,105777,1639443.5
1980,75,75-79,90040,880360
1980,80,80-84,55714,355309
1980,85,85-89,23688,101838.5
1980,90,90-94,6050,18753
1980,95,95-99,934,2141
1980,100,100,102,183.5
1981,0,0-4,585856,22275272.5
1981,5,5-9,46597,20284596
1981,10,10-14,28351,18710295
1981,15,15-19,37238,16445369.5
1981,20,20-24,40588,13814597
1981,25,25-29,33352,10984193.5
1981,30,30-34,30079,8714281
1981,35,35-39,35351,8192250.5
1981,40,40-44,43649,7709680
1981,45,45-49,51704,6736434.5
1981,50,50-54,61433,5556539.5
1981,55,55-59,68045,4232737
1981,60,60-64,80770,3198310
1981,65,65-69,98845,2499853
1981,70,70-74,109420,1702382.5
1981,75,75-79,94049,921892.5
1981,80,80-84,58767,375502
1981,85,85-89,25210,108385.5
1981,90,90-94,6459,19991.5
1981,95,95-99,996,2281.5
1981,100,100,106,190
1982,0,0-4,571023,22520701
1982,5,5-9,44671,20537461.5
1982,10,10-14,27397,19030652
1982,15,15-19,36424,16916031
1982,20,20-24,39815,14334687.5
1982,25,25-29,33008,11524187.5
1982,30,30-34,29247,8970343
1982,35,35-39,33837,8247772.500000000
1982,40,40-44,42266,7795342
1982,45,45-49,51235,6915579.5
1982,50,50-54,61661,5741878
1982,55,55-59,69490,4426968.5
1982,60,60-64,81429,3288689
1982,65,65-69,98887,2538679
1982,70,70-74,112046,1763176.5
1982,75,75-79,97441,963598.5
1982,80,80-84,61775,397437
1982,85,85-89,26668,115033.5
1982,90,90-94,6868,21302
1982,95,95-99,1063,2435.5
1982,100,100,110,197.5
1983,0,0-4,553434,22732718
1983,5,5-9,42576,20795242
1983,10,10-14,26303,19344352.5
1983,15,15-19,35441,17368393
1983,20,20-24,38871,14840716.5
1983,25,25-29,32511.000000000000,12067316.5
1983,30,30-34,28635,9325937
1983,35,35-39,32280,8302435.000000000
1983,40,40-44,40688,7863442.5
1983,45,45-49,50518,7086838
1983,50,50-54,61562,5921923.5
1983,55,55-59,70754,4629937
1983,60,60-64,82249,3398505
1983,65,65-69,98599,2578423
1983,70,70-74,114028,1820084
1983,75,75-79,100616,1006722.5
1983,80,80-84,64837,421044
1983,85,85-89,28080,121822.5
1983,90,90-94,7289,22720
1983,95,95-99,1131,2602.5
1983,100,100,114,206.5
1984,0,0-4,534410,22879374
1984,5,5-9,40984,21086742.5
1984,10,10-14,25447,19623700.5
1984,15,15-19,34823,17805344
1984,20,20-24,38349,15330736
1984,25,25-29,32387,12609554
1984,30,30-34,28695,9795691.5
1984,35,35-39,31096,8345109.500000000
1984,40,40-44,39455,7919222.5
1984,45,45-49,50064,7243568
1984,50,50-54,61770,6100300
1984,55,55-59,72336,4834379
1984,60,60-64,83855,3528598.5
1984,65,65-69,98883,2623945.5
1984,70,70-74,116045,1871879.5
1984,75,75-79,104144,1051083.5
1984,80,80-84,68213,445673.5
1984,85,85-89,29639,128976
1984,90,90-94,7767,24255
1984,95,95-99,1208,2774.5
1984,100,100,120,216.5
1985,0,0-4,507947,22919634.5
1985,5,5-9,39623,21384709
1985,10,10-14,24727,19875811
1985,15,15-19,34354,18214097.5
1985,20,20-24,37959,15810354.5
1985,25,25-29,32377.000000000000,13146217
1985,30,30-34,29083,10331064.5
1985,35,35-39,30293,8423546.5
1985,40,40-44,38508,7969617
1985,45,45-49,49797,7379560.5
1985,50,50-54,62322,6279764.5
1985,55,55-59,74149,5033411.5
1985,60,60-64,86228,3679083
1985,65,65-69,99841,2679383
1985,70,70-74,117905,1917264
1985,75,75-79,107933,1096609.5
1985,80,80-84,71630,470274.5
1985,85,85-89,31317,136697
1985,90,90-94,8282,25908.5
1985,95,95-99,1285,2950.5
1985,100,100,127,227
1986,0,0-4,479939,22822755.5
1986,5,5-9,38713,21656442
1986,10,10-14,24373,20137260
1986,15,15-19,34431,18573156
1986,20,20-24,38452,16288232
1986,25,25-29,33136,13675260.5
1986,30,30-34,30127,10864486
1986,35,35-39,30460,8590596
1986,40,40-44,38373,8027895.5
1986,45,45-49,50220,7491229.5
1986,50,50-54,63774,6460202.5
1986,55,55-59,76682,5222664.5
1986,60,60-64,89818,3847845.5
1986,65,65-69,102002,2747686
1986,70,70-74,119923,1956257
1986,75,75-79,112106,1142517
1986,80,80-84,75085,494415
1986,85,85-89,33159,145139.5
1986,90,90-94,8825,27654
1986,95,95-99,1364,3134
1986,100,100,132,236.5
1987,0,0-4,457410,22649298.5
1987,5,5-9,37731,21923310.5
1987,10,10-14,23984,20394983.5
1987,15,15-19,34405,18895053
1987,20,20-24,38871,16757525.000000000
1987,25,25-29,33807,14192893.5
1987,30,30-34,31119,11400862
1987,35,35-39,30893,8846418.5
1987,40,40-44,38226,8086955.5
1987,45,45-49,50463,7579709.5
1987,50,50-54,65187,6637480.5
1987,55,55-59,79053,5402336
1987,60,60-64,93711,4029754.5
1987,65,65-69,104714,2830474.5
1987,70,70-74,121664,1991256.5
1987,75,75-79,116149,1186762.5
1987,80,80-84,78551,518770
1987,85,85-89,35168,154321
1987,90,90-94,9380,29419.5
1987,95,95-99,1447,3325
1987,100,100,137,244.5
1988,0,0-4,439294,22478269
1988,5,5-9,36935,22156158.5
1988,10,10-14,23784,20656555
1988,15,15-19,34685,19209353
1988,20,20-24,39597,17206741
1988,25,25-29,34780,14694329
1988,30,30-34,32418,11938352
1988,35,35-39,31946,9198373
1988,40,40-44,38379,8143232.5
1988,45,45-49,50885,7649290
1988,50,50-54,66833,6805427
1988,55,55-59,81637,5575473.5
1988,60,60-64,98035,4218180
1988,65,65-69,108212,2928724.5
1988,70,70-74,123483,2026067
1988,75,75-79,119932,1227733
1988,80,80-84,82084,543731
1988,85,85-89,37295,164086.5
1988,90,90-94,9936,31204.5
1988,95,95-99,1535,3533
1988,100,100,141,252.5
1989,0,0-4,419920,22325103
1989,5,5-9,35240,22324796.5
1989,10,10-14,23015,20950888
1989,15,15-19,33862,19489078
1989,20,20-24,39001,17639717
1989,25,25-29,34476,15178689.5
1989,30,30-34,32561,12473884
1989,35,35-39,32367.000000000000,9661670
1989,40,40-44,37449,8186550
1989,45,45-49,50051,7705762.5
1989,50,50-54,67053,6958323.5
1989,55,55-59,82820,5746069.5
1989,60,60-64,101072,4407036
1989,65,65-69,111165,3043738.5
1989,70,70-74,124556,2064906.5
1989,75,75-79,122675,1264851.5
1989,80,80-84,85410,569240.5
1989,85,85-89,39410,174219
1989,90,90-94,10526,33083
1989,95,95-99,1634,3761.5
1989,100,100,147,261.5
1990,0,0-4,397937,22204565.5
1990,5,5-9,33894,22391067
1990,10,10-14,22678,21251311.5
1990,15,15-19,33796,19741360.5
1990,20,20-24,39407,18044023.5
1990,25,25-29,35166,15651938
1990,30,30-34,33578,13003309.5
1990,35,35-39,33777,10189082.5
1990,40,40-44,37434,8264401.5
1990,45,45-49,49984,7756450.5
1990,50,50-54,67879,7090827.5
1990,55,55-59,84791,5917303
1990,60,60-64,104618,4590696
1990,65,65-69,115203,3176274.5
1990,70,70-74,126376,2111519
1990,75,75-79,125111,1297713
1990,80,80-84,88786,595424.5
1990,85,85-89,41506,184410.5
1990,90,90-94,11137,35141.5
1990,95,95-99,1736,4006.5
1990,100,100,152,271.5
1991,0,0-4,380620,22186190.5
1991,5,5-9,32044.000000000000,22324960
1991,10,10-14,22055,21525595
1991,15,15-19,33159,20002577.5
1991,20,20-24,38807,18398633
1991,25,25-29,34977,16123040.5
1991,30,30-34,33782,13525006.5
1991,35,35-39,34469,10714583.5
1991,40,40-44,37149,8429184.5
1991,45,45-49,49323,7814734
1991,50,50-54,67801,7200015
1991,55,55-59,86109,6089548
1991,60,60-64,107352,4765730
1991,65,65-69,119370,3324969.5
1991,70,70-74,128607,2168500
1991,75,75-79,127143,1326584
1991,80,80-84,92324,621905.5
1991,85,85-89,43671,194518.5
1991,90,90-94,11849,37422
1991,95,95-99,1850,4260
1991,100,100,158,280.5
1992,0,0-4,361594,22211011
1992,5,5-9,30340,22182460.5
1992,10,10-14,21535,21795259
1992,15,15-19,32447.000000000000,20260376
1992,20,20-24,37904,18716931
1992,25,25-29,34518,16586231.500000000
1992,30,30-34,33726,14036065.5
1992,35,35-39,34947,11243707
1992,40,40-44,37072,8681686
1992,45,45-49,48538,7874368.5
1992,50,50-54,67333,7287770.5
1992,55,55-59,87149,6259734
1992,60,60-64,109554,4933173
1992,65,65-69,123569,3486098.5
1992,70,70-74,131107,2237760
1992,75,75-79,128465,1353589.5
1992,80,80-84,95413,647864.5
1992,85,85-89,45707,204916.5
1992,90,90-94,12582,39933.5
1992,95,95-99,1955,4518.5
1992,100,100,163,289.5
1993,0,0-4,344728,22206590.5
1993,5,5-9,27782,22039556
1993,10,10-14,20115,22031810
1993,15,15-19,30643,20523287.5
1993,20,20-24,35811,19029437.5
1993,25,25-29,32826,17031207
1993,30,30-34,32422.000000000000,14532651.5
1993,35,35-39,34225,11775478
1993,40,40-44,36324,9029822
1993,45,45-49,46637,7932578
1993,50,50-54,65393,7359019.5
1993,55,55-59,86631,6422992
1993,60,60-64,110177,5096800.5
1993,65,65-69,126761,3654831
1993,70,70-74,133522,2320914
1993,75,75-79,129425.00000000000,1381849.5
1993,80,80-84,98183,672754.5
1993,85,85-89,47857,215855
1993,90,90-94,13394,42646
1993,95,95-99,2069,4786
1993,100,100,169,301.5
1994,0,0-4,329905,22220531.5
1994,5,5-9,27079,21912742
1994,10,10-14,20113,22204742.5
1994,15,15-19,31278,20819416.5
1994,20,20-24,36624,19308838.5
1994,25,25-29,34028,17461177.5
1994,30,30-34,33895,15013207.5
1994,35,35-39,36181,12306093.5
1994,40,40-44,38530,9487703
1994,45,45-49,47425,7978346.5
1994,50,50-54,66502,7418028
1994,55,55-59,89458,6572473.5
1994,60,60-64,114253,5258734.5
1994,65,65-69,133096,3824556.5
1994,70,70-74,139051,2418008.5
1994,75,75-79,132136,1413402.5
1994,80,80-84,101418,695790
1994,85,85-89,50238,227160.5
1994,90,90-94,14259,45478.5
1994,95,95-99,2191,5080
1994,100,100,177,316
1995,0,0-4,315926,22302476.5
1995,5,5-9,26206,21817691
1995,10,10-14,19854,22275427.5
1995,15,15-19,31747,21121140.5
1995,20,20-24,37236,19561185
1995,25,25-29,35045,17863206.5
1995,30,30-34,35221,15482963.5
1995,35,35-39,38016,12830602
1995,40,40-44,40934,10008161.5
1995,45,45-49,48255,8057025.5
1995,50,50-54,67373,7470324
1995,55,55-59,91785,6701378
1995,60,60-64,118026,5420005.5
1995,65,65-69,138899,3988784
1995,70,70-74,144919,2528483.5
1995,75,75-79,134910,1449959
1995,80,80-84,103994,716364
1995,85,85-89,52548,238768
1995,90,90-94,15096,48357.5
1995,95,95-99,2327,5419
1995,100,100,187,335
1996,0,0-4,303813,22436997
1996,5,5-9,25444,21822007.5
1996,10,10-14,19472,22214167.5
1996,15,15-19,32099.000000000000,21396605
1996,20,20-24,37770,19822678.5
1996,25,25-29,35838,18216863
1996,30,30-34,36411,15951245.5
1996,35,35-39,39722,13347745
1996,40,40-44,43273,10526759
1996,45,45-49,49472,8220271.000000000
1996,50,50-54,68305,7529083.5
1996,55,55-59,93877,6807156.5
1996,60,60-64,122011,5581001.5
1996,65,65-69,144691,4144618.5000000000
1996,70,70-74,151814,2651263
1996,75,75-79,138627,1493290.5
1996,80,80-84,106492,734679
1996,85,85-89,55026,250497.5
1996,90,90-94,15981,51258
1996,95,95-99,2488,5802.5
1996,100,100,200,358
1997,0,0-4,291561,22611801.5
1997,5,5-9,24485,21867750.5
1997,10,10-14,18785,22076446.5
1997,15,15-19,31917,21667181.5
1997,20,20-24,37608,20080524
1997,25,25-29,35872,18534644
1997,30,30-34,36889,16411779.000000000
1997,35,35-39,40684,13854276.5
1997,40,40-44,44922,11048632.5
1997,45,45-49,50452,8468648
1997,50,50-54,68386,7588221.5
1997,55,55-59,94605,6891666
1997,60,60-64,124782,5738888
1997,65,65-69,149025,4292980.5
1997,70,70-74,158248,2783245.5
1997,75,75-79,142383,1544682.5
1997,80,80-84,108373,751895
1997,85,85-89,57304,261969
1997,90,90-94,16863,54261
1997,95,95-99,2663,6222
1997,100,100,213,380
1998,0,0-4,276534,22779928.5
1998,5,5-9,23818,21883330
1998,10,10-14,18364,21937194
1998,15,15-19,32289,21903725
1998,20,20-24,38307,20341471.5
1998,25,25-29,36763,18844594.5
1998,30,30-34,38221,16852411
1998,35,35-39,42530,14344803
1998,40,40-44,47513,11571488
1998,45,45-49,52922,8808740
1998,50,50-54,69522,7644153
1998,55,55-59,96302,6958685
1998,60,60-64,128711.00000000000,5888251
1998,65,65-69,154341,4436289.5
1998,70,70-74,165841,2919816
1998,75,75-79,147437,1604924.5
1998,80,80-84,110506,769601.5
1998,85,85-89,59491,272900
1998,90,90-94,17784,57411.5
1998,95,95-99,2846,6668.5
1998,100,100,225,402.5
1999,0,0-4,260378,22851301.5
1999,5,5-9,23465,21914480.5
1999,10,10-14,18173,21812776
1999,15,15-19,33126,22074887
1999,20,20-24,39840,20631518
1999,25,25-29,38369,19117671
1999,30,30-34,40272,17274704
1999,35,35-39,45073,14816601.5
1999,40,40-44,50811,12090735
1999,45,45-49,56763,9253492.5
1999,50,50-54,71238,7685855
1999,55,55-59,98578,7011984
1999,60,60-64,133172,6022611.5
1999,65,65-69,160302,4576167
1999,70,70-74,174020,3055576
1999,75,75-79,153624,1674119.5
1999,80,80-84,113007,788960
1999,85,85-89,61541,283015
1999,90,90-94,18743,60662.5
1999,95,95-99,3038,7124.5
1999,100,100,238,426
2000,0,0-4,246038,22827685
2000,5,5-9,22642,22011072.5
2000,10,10-14,17533,21719717
2000,15,15-19,32629.000000000000,22143047
2000,20,20-24,39645,20924264.5
2000,25,25-29,38153,19360886
2000,30,30-34,40522,17666981
2000,35,35-39,45824,15276154.5
2000,40,40-44,52368,12602933.5
2000,45,45-49,59392,9758363.5
2000,50,50-54,71469,7759018
2000,55,55-59,98691,7058783
2000,60,60-64,134986,6137986
2000,65,65-69,164105,4715467.5
2000,70,70-74,180235,3187012.5
2000,75,75-79,159605,1752883.5
2000,80,80-84,115388,811318
2000,85,85-89,63238,292199
2000,90,90-94,19702,63994.5
2000,95,95-99,3224,7577
2000,100,100,250,446.5
2001,0,0-4,234154,22740220.5
2001,5,5-9,21900,22158036
2001,10,10-14,16994,21725406.5
2001,15,15-19,31963,22079205
2001,20,20-24,39403,21188775
2001,25,25-29,37950,19610522.5
2001,30,30-34,40612,18009449
2001,35,35-39,46476,15733212.5
2001,40,40-44,53768,13107486.5
2001,45,45-49,61849,10261431.5
2001,50,50-54,72198,7914534
2001,55,55-59,98723,7112525
2001,60,60-64,136131,6233240
2001,65,65-69,167706,4855557.5
2001,70,70-74,185859,3312858
2001,75,75-79,166216,1841024
2001,80,80-84,118273,837901
2001,85,85-89,64733.00000000000,300650
2001,90,90-94,20672,67372.5
2001,95,95-99,3411,8028.500000000000
2001,100,100,263,466
2002,0,0-4,223053,22617020.5
2002,5,5-9,20993,22343980
2002,10,10-14,16319.000000000000,21772046.5
2002,15,15-19,30799,21938679
2002,20,20-24,38677,21446102.5
2002,25,25-29,37263,19853507.5
2002,30,30-34,40120,18314078.5
2002,35,35-39,46562,16181256
2002,40,40-44,54560,13600994
2002,45,45-49,63734,10767571.5
2002,50,50-54,73048,8152508
2002,55,55-59,98062,7167243.5
2002,60,60-64,135939,6310169.5
2002,65,65-69,170200,4994077.5
2002,70,70-74,190063,3434211
2002,75,75-79,172565,1936621.5
2002,80,80-84,121290,869682.5
2002,85,85-89,65906,309008
2002,90,90-94,21554,70752.5
2002,95,95-99,3592,8498.5
2002,100,100,274,486.5
2003,0,0-4,213069,22509090.5
2003,5,5-9,20529,22523046
2003,10,10-14,16033.000000000000,21788426
2003,15,15-19,30418,21796618.5
2003,20,20-24,38967,21668558
2003,25,25-29,37665,20097664.5
2003,30,30-34,40724,18609375.5
2003,35,35-39,47757,16608686.5
2003,40,40-44,56459,14078381
2003,45,45-49,66798,11274645
2003,50,50-54,75880,8479004
2003,55,55-59,98864,7219244
2003,60,60-64,137102,6371941.5
2003,65,65-69,174327,5125980
2003,70,70-74,195766,3552709.5
2003,75,75-79,180555,2036192.5
2003,80,80-84,125874,907027
2003,85,85-89,67540,317867.5
2003,90,90-94,22521,74041
2003,95,95-99,3800,9000.5
2003,100,100,287,508.50000000000000
2004,0,0-4,234040,22479480
2004,5,5-9,37210,22597286.5
2004,10,10-14,27444,21814784.5
2004,15,15-19,40315,21666401.5
2004,20,20-24,49101,21824974
2004,25,25-29,47788,20369344
2004,30,30-34,51288,18865865.5
2004,35,35-39,58916,17015016.5
2004,40,40-44,67809,14534241
2004,45,45-49,78678,11775141.5
2004,50,50-54,87493,8903179
2004,55,55-59,106777,7254914.5
2004,60,60-64,145231,6418702
2004,65,65-69,184798,5242460
2004,70,70-74,207061,3666664
2004,75,75-79,190549,2134840
2004,80,80-84,132664,949222.5
2004,85,85-89,70270,327150.5
2004,90,90-94,23779,76947.5
2004,95,95-99,4091,9503
2004,100,100,307,531
2005,0,0-4,199742,22593402.5
2005,5,5-9,19260,22576436
2005,10,10-14,15453,21906470.5
2005,15,15-19,29463,21569776.5
2005,20,20-24,38767,21884361.5
2005,25,25-29,38207,20649028.5
2005,30,30-34,41347,19096967.5
2005,35,35-39,49605,17394645.5
2005,40,40-44,59703,14980188.5
2005,45,45-49,72490,12270318.5
2005,50,50-54,83739,9386153.5
2005,55,55-59,100153,7321442.5
2005,60,60-64,138071,6460509.5
2005,65,65-69,180279,5343391
2005,70,70-74,205603,3781200.5
2005,75,75-79,195157,2231263
2005,80,80-84,136394,997683.5
2005,85,85-89,70867,338060.5
2005,90,90-94,24033,79725.5
2005,95,95-99,4204,10062
2005,100,100,313,563
2006,0,0-4,194651,22819644
2006,5,5-9,19101,22499354
2006,10,10-14,15615,22053696
2006,15,15-19,29456,21576888
2006,20,20-24,38555,21820362.5
2006,25,25-29,38607,20908794
2006,30,30-34,41803,19342016
2006,35,35-39,50479,17731787.5
2006,40,40-44,61389,15429467.5
2006,45,45-49,75371,12762993
2006,50,50-54,88046,9871612.5
2006,55,55-59,102024,7470172
2006,60,60-64,138857,6512310.5
2006,65,65-69,182773,5430139
2006,70,70-74,211120,3899396.5
2006,75,75-79,202427,2325070.5
2006,80,80-84,143262,1052667.5
2006,85,85-89,73438,351409.5
2006,90,90-94,24884,82577
2006,95,95-99,4468,10689
2006,100,100,336,605.5
2007,0,0-4,188184,23101503.5
2007,5,5-9,17893,22385606
2007,10,10-14,14944,22239695.5
2007,15,15-19,28852,21624929
2007,20,20-24,37651,21682678
2007,25,25-29,38462,21164922
2007,30,30-34,41708,19583467
2007,35,35-39,50729,18033578
2007,40,40-44,62545,15871012
2007,45,45-49,77717,13245417.5
2007,50,50-54,91916,10360183.5
2007,55,55-59,104431,7696961
2007,60,60-64,139129,6564422.5
2007,65,65-69,183950,5500424
2007,70,70-74,215673,4015814.5
2007,75,75-79,208615,2415604.5
2007,80,80-84,150070,1111809.5
2007,85,85-89,76076,366919.5
2007,90,90-94,25583,85418.5
2007,95,95-99,4705,11319
2007,100,100,361,652.5
2008,0,0-4,179857,23393804.5
2008,5,5-9,17254,22286406.5
2008,10,10-14,14723,22419200
2008,15,15-19,28590,21642844
2008,20,20-24,37145,21544831
2008,25,25-29,38648,21389080.5
2008,30,30-34,42015,19828580.5
2008,35,35-39,51360,18327966.5
2008,40,40-44,64045,16293378.5
2008,45,45-49,80383,13712748
2008,50,50-54,96194,10849982
2008,55,55-59,108353,8007473.5
2008,60,60-64,139845,6613663.5
2008,65,65-69,185133,5557459
2008,70,70-74,220473,4126717.5000000000
2008,75,75-79,214970,2504464.5
2008,80,80-84,157489,1173266.5
2008,85,85-89,79389,384929
2008,90,90-94,26409,88466
2008,95,95-99,4954,11936.5
2008,100,100,390,705.5
2009,0,0-4,173563,23652190.5
2009,5,5-9,16848,22277172
2009,10,10-14,14572,22503225
2009,15,15-19,28403,21676584.5
2009,20,20-24,36708,21423644
2009,25,25-29,38758,21552522
2009,30,30-34,42407,20105579.5
2009,35,35-39,51870,18588978
2009,40,40-44,65389.00000000000,16700014.500000000
2009,45,45-49,82762,14163936
2009,50,50-54,100170,11338009.5
2009,55,55-59,113350,8413876.5
2009,60,60-64,139983,6651047.5
2009,65,65-69,185343,5605162
2009,70,70-74,223990,4228473
2009,75,75-79,220401,2593349
2009,80,80-84,164338,1235346.5
2009,85,85-89,82934,405719.5
2009,90,90-94,27236,91894.5
2009,95,95-99,5176,12542
2009,100,100,418,762
2010,0,0-4,168390,23871479.5
2010,5,5-9,16591,22410399
2010,10,10-14,14387,22492991
2010,15,15-19,28523,21776287
2010,20,20-24,36710,21336381.5
2010,25,25-29,39122,21619666.5
2010,30,30-34,43287,20389970.5
2010,35,35-39,52873,18824399
2010,40,40-44,67321,17079991
2010,45,45-49,85888,14605207.5
2010,50,50-54,104996,11820765.5
2010,55,55-59,120103,8875477.5
2010,60,60-64,141662,6716801
2010,65,65-69,186520,5648545
2010,70,70-74,227961,4317753
2010,75,75-79,226793,2683328
2010,80,80-84,171605,1296579
2010,85,85-89,87265,429473
2010,90,90-94,28277,95853.5
2010,95,95-99,5405,13148.5
2010,100,100,451,825.5
2011,0,0-4,164703,24101187
2011,5,5-9,16035,22643708
2011,10,10-14,13823,22418935.5
2011,15,15-19,27953,21927402
2011,20,20-24,35845,21350048.5
2011,25,25-29,38097,21562673.5
2011,30,30-34,42846,20652215.5
2011,35,35-39,52456,19070312.5
2011,40,40-44,67444,17414456
2011,45,45-49,87193,15046019.5
2011,50,50-54,107898,12297534
2011,55,55-59,124982,9336427
2011,60,60-64,142875,6856159
2011,65,65-69,186048,5697949.5
2011,70,70-74,229514,4393303.5
2011,75,75-79,232079,2774388.5
2011,80,80-84,177972,1356249.5
2011,85,85-89,91939,455973.5
2011,90,90-94,29466,100432
2011,95,95-99,5632,13758.5
2011,100,100,488,899
2012,0,0-4,159192,24342408.5
2012,5,5-9,15658,22933066
2012,10,10-14,13350,22308661
2012,15,15-19,27599,22118399
2012,20,20-24,35243,21407273
2012,25,25-29,37161,21435978.5
2012,30,30-34,42610,20913691
2012,35,35-39,52249,19314889
2012,40,40-44,67640,17715959
2012,45,45-49,88644,15480826.5
2012,50,50-54,110874,12765785.5
2012,55,55-59,130026.00000000000,9801578.5
2012,60,60-64,145630,7068772.5
2012,65,65-69,185822,5748514.5
2012,70,70-74,230486,4456839.5
2012,75,75-79,237325,2865139
2012,80,80-84,184102,1414985
2012,85,85-89,97002,484645.5
2012,90,90-94,30856,105742.5
2012,95,95-99,5870,14393
2012,100,100,529,978
2013,0,0-4,150519,24512290.5
2013,5,5-9,15316,23233096
2013,10,10-14,12925,22212758.5
2013,15,15-19,27341,22302660
2013,20,20-24,34702,21435806
2013,25,25-29,36339,21311261
2013,30,30-34,42417,21145618
2013,35,35-39,52163,19564830
2013,40,40-44,67952,18011578.5
2013,45,45-49,90181,15898035.5
2013,50,50-54,113934,13220560
2013,55,55-59,135318,10268907
2013,60,60-64,150268,7359133.5
2013,65,65-69,186007,5796858
2013,70,70-74,231314,4510524.5
2013,75,75-79,242650,2952517
2013,80,80-84,190365,1473502
2013,85,85-89,102416,514553
2013,90,90-94,32506,111849.5
2013,95,95-99,6131,15070.5
2013,100,100,572,1057.5
2014,0,0-4,142632,24582286.5
2014,5,5-9,14912,23499581
2014,10,10-14,12535,22206564.5
2014,15,15-19,26929,22391019.5
2014,20,20-24,34107,21479516.5
2014,25,25-29,35466,21203303
2014,30,30-34,42003,21318117.5
2014,35,35-39,52029,19847098
2014,40,40-44,67960,18275200.5
2014,45,45-49,91376,16300756.5
2014,50,50-54,116501,13660759
2014,55,55-59,140139,10735597
2014,60,60-64,156369,7737934
2014,65,65-69,185527,5834716.5
2014,70,70-74,231112,4557449.5
2014,75,75-79,246780,3033959
2014,80,80-84,196096,1532751
2014,85,85-89,107619,544985
2014,90,90-94,34314,118857
2014,95,95-99,6402,15812
2014,100,100,612,1135.5
2015,0,0-4,135081,24527207
2015,5,5-9,14490,23726358
2015,10,10-14,12221,22342338
2015,15,15-19,26398,22384639.5
2015,20,20-24,33594,21586897
2015,25,25-29,34652,21127241.5
2015,30,30-34,41403,21394168.5
2015,35,35-39,51903,20136310.5
2015,40,40-44,67841,18513896
2015,45,45-49,92354,16678158
2015,50,50-54,118843,14092582
2015,55,55-59,144698,11198713.5
2015,60,60-64,163384,8168509
2015,65,65-69,185715,5898880.5
2015,70,70-74,230724,4602079
2015,75,75-79,250238,3107560
2015,80,80-84,202001,1593550
2015,85,85-89,112840,575456
2015,90,90-94,36417,126851
2015,95,95-99,6716,16644
2015,100,100,652,1210
2016,0,0-4,128283.00000000000,24310677
2016,5,5-9,14143,23962140.5
2016,10,10-14,11995,22577570.5
2016,15,15-19,25810,22313885
2016,20,20-24,33198,21742861
2016,25,25-29,34050,21148195
2016,30,30-34,40618,21344745
2016,35,35-39,51749,20402127
2016,40,40-44,67784,18762213
2016,45,45-49,93104,17011030.5
2016,50,50-54,121178,14524504
2016,55,55-59,149191,11656986
2016,60,60-64,170352,8599698.5
2016,65,65-69,187702,6029977
2016,70,70-74,230674,4652534.5
2016,75,75-79,252951,3172233
2016,80,80-84,208018,1655707
2016,85,85-89,117942,605691.5
2016,90,90-94,38762,135772.5
2016,95,95-99,7071,17590
2016,100,100,689,1279.5
2017,0,0-4,120835,23939433.5
2017,5,5-9,13784,24208311
2017,10,10-14,11776,22868296.5
2017,15,15-19,25127,22206471.5
2017,20,20-24,32825,21936213
2017,25,25-29,33485,21209271
2017,30,30-34,39656,21223564
2017,35,35-39,51529,20665280.5
2017,40,40-44,67638,19007958.5
2017,45,45-49,93550,17310992.5
2017,50,50-54,123304,14950330.5
2017,55,55-59,153383,12107214
2017,60,60-64,177161,9035078
2017,65,65-69,191377,6226309
2017,70,70-74,230547,4703728.5
2017,75,75-79,254723,3228715
2017,80,80-84,213812,1718069.5
2017,85,85-89,122849,635945.5
2017,90,90-94,41262,145447.5
2017,95,95-99,7472,18679
2017,100,100,725,1349.5
2018,0,0-4,115463,23539131
2018,5,5-9,13897,24383187
2018,10,10-14,11947,23169340
2018,15,15-19,24835,22112987
2018,20,20-24,32863,22121716
2018,25,25-29,33304,21240336
2018,30,30-34,39167,21102955.5
2018,35,35-39,51771,20898187.5
2018,40,40-44,68087,19258336.5
2018,45,45-49,94634,17604783.5
2018,50,50-54,126058,15358859
2018,55,55-59,158174,12544713.5
2018,60,60-64,184742,9472782
2018,65,65-69,197879,6491331
2018,70,70-74,231241,4752570
2018,75,75-79,256581.00000000000,3278460.5
2018,80,80-84,219898,1778709.5
2018,85,85-89,128047,666522.5
2018,90,90-94,43986,155585.5
2018,95,95-99,7955,19928.5
2018,100,100,765,1424.5
2019,0,0-4,109819,23202326.5
2019,5,5-9,12992,24458609.5
2019,10,10-14,11440,23436867.5
2019,15,15-19,23992,22108747.5
2019,20,20-24,32051.000000000000,22211785
2019,25,25-29,32432.000000000000,21286254
2019,30,30-34,37909,20998772
2019,35,35-39,50953,21072222.5
2019,40,40-44,67625,19540538.5
2019,45,45-49,94357,17867357
2019,50,50-54,127326,15753591.5
2019,55,55-59,161273,12968883.5
2019,60,60-64,190749,9910640
2019,65,65-69,205535,6834219
2019,70,70-74,230442,4792057.5
2019,75,75-79,257027,3323704
2019,80,80-84,224775,1836121
2019,85,85-89,132905,697832
2019,90,90-94,46629,165984
2019,95,95-99,8481,21361.5
2019,100,100,806,1507
2020,0,0-4,105154,22922408
2020,5,5-9,12513,24409414
2020,10,10-14,11259,23665014
2020,15,15-19,23662,22246661.5
2020,20,20-24,31462,22209019
2020,25,25-29,31886,21396635
2020,30,30-34,38223,20926639.5
2020,35,35-39,54247,21149720.5
2020,40,40-44,76236,19826124.5
2020,45,45-49,109968,18098789
2020,50,50-54,153702,16112621
2020,55,55-59,200381,13368803
2020,60,60-64,243564,10323510.5
2020,65,65-69,265229,7198218.5
2020,70,70-74,279173,4829951
2020,75,75-79,299218,3346414
2020,80,80-84,257822,1874603
2020,85,85-89,163704,717080.5
2020,90,90-94,60273,170313
2020,95,95-99,11493,21503.5
2020,100,100,1085,1422.5
2021,0,0-4,100617,22679920
2021,5,5-9,12024,24199099.5
2021,10,10-14,11089,23902277
2021,15,15-19,23427,22484552.5
2021,20,20-24,31168,22144039
2021,25,25-29,35843,21555192.5
2021,30,30-34,43711,20948729
2021,35,35-39,62178,21098219.5
2021,40,40-44,89031,20079631.5
2021,45,45-49,129412,18324262
2021,50,50-54,181512,16405255.000000000
2021,55,55-59,235902,13737592.5
2021,60,60-64,287131,10692442.5
2021,65,65-69,318771,7517085
2021,70,70-74,328538,4877928.5
2021,75,75-79,346928,3327920.5
2021,80,80-84,296300,1873823.5
2021,85,85-89,171776,720922
2021,90,90-94,61551,167782.5
2021,95,95-99,11320,20206.5
2021,100,100,950,1172
2022,0,0-4,96506,22488310.5
2022,5,5-9,11459,23833942.5
2022,10,10-14,10906,24149561.5
2022,15,15-19,23271,22776321
2022,20,20-24,30164,22040795
2022,25,25-29,31451,21749592
2022,30,30-34,36088,21010309.5
2022,35,35-39,48564,20977656.5
2022,40,40-44,67601,20335480
2022,45,45-49,94592,18556556
2022,50,50-54,130691,16680769
2022,55,55-59,170404,14121211.5
2022,60,60-64,207036,11080770.5
2022,65,65-69,229588,7868392
2022,70,70-74,232440,5007775.5
2022,75,75-79,249567,3333986
2022,80,80-84,224757,1884437
2022,85,85-89,137551,740374.5
2022,90,90-94,47570,172479.5
2022,95,95-99,8080,20692
2022,100,100,591,1116.5
2023,0,0-4,92375,22348674.5
2023,5,5-9,10851,23439367.5
2023,10,10-14,10636,24325686
2023,15,15-19,23042,23076926.5
2023,20,20-24,29405,21949057.5
2023,25,25-29,31060,21936321
2023,30,30-34,35419,21044268.5
2023,35,35-39,47381,20863349.5
2023,40,40-44,67263,20572115
2023,45,45-49,94447,18811452
2023,50,50-54,131255,16977149
2023,55,55-59,173100,14523845.5
2023,60,60-64,212325,11502057.5
2023,65,65-69,238467,8272859.500000000
2023,70,70-74,239829,5245191
2023,75,75-79,250353,3387200.5
2023,80,80-84,227170,1927360.5
2023,85,85-89,143044,777527.5
2023,90,90-94,50676,185325
2023,95,95-99,8947,23067.5
2023,100,100,664,1265
2024,0,0-4,89177,22222705.5
2024,5,5-9,10416,23106798.5
2024,10,10-14,10430,24402281.5
2024,15,15-19,22841,23336934
2024,20,20-24,28815,21930224
2024,25,25-29,30618,22033704
2024,30,30-34,34894,21100853
2024,35,35-39,46426,20770315
2024,40,40-44,67030,20753550
2024,45,45-49,94881,19098964
2024,50,50-54,132222,17244149.5
2024,55,55-59,176569,14913705.5
2024,60,60-64,218633,11911441
2024,65,65-69,248898,8678273.5
2024,70,70-74,252134,5545315.5
2024,75,75-79,252784,3432678.5
2024,80,80-84,230834,1967865
2024,85,85-89,148949,812543
2024,90,90-94,54097,198611
2024,95,95-99,9876,25566
2024,100,100,741,1452.5