Province,District,2016-Jan-Mar,2016-Apr-Jun,2016-Jul-Sep,2016-Oct-Dec,2017-Jan-Mar,2017-Apr-Jun,2017-Jul-Sep,2017-Oct-Dec,2018-Jan-Mar,2018-Apr-Jun,2018-Jul-Sep,2018-Oct-Dec,NA,2019-Jan-Mar,2019-Apr-Jun,2019-Jul-Sep,2019-Oct-Dec,NA,2020-Jan,2020-Feb,2020-Mar,2020-Apr,2020-May,2020-Jun,2020-Jul,2020-Aug,2020-Sep,2020-Oct,2020-Nov,2020-Dec,2021-Jan,2021-Feb,2021-Mar,2021-Apr,2021-May,2021-Jun,2021-Jul,2021-Aug,2021-Sep,2021-Oct,2021-Nov,2021-Dec
ACEH,ACEH BARAT,90,95,85,89,91,95,86,92,96,93,89,96,#DIV/0!,96,90,97,85,#DIV/0!,91,85,86,75,79,93,61,68,82,36,25,6,18,0,33,21,13,0,0,0,0,0,#DIV/0!,#DIV/0!
ACEH,ACEH BARAT DAYA,100,98,100,97,46,0,25,#DIV/0!,100,0,100,94,#DIV/0!,73,44,0,0,#DIV/0!,81,74,82,71,82,84,71,100,53,68,56,90,65,52,24,46,12,0,0,0,0,0,0,#DIV/0!
ACEH,ACEH BESAR,98,99,98,100,97,93,96,99,94,98,93,94,#DIV/0!,93,92,93,92,#DIV/0!,85,85,84,88,85,93,92,79,71,100,58,61,58,36,33,26,5,0,0,0,0,0,#DIV/0!,#DIV/0!
ACEH,ACEH JAYA,95,81,90,94,97,88,92,100,100,100,98,100,#DIV/0!,94,100,93,98,#DIV/0!,100,100,100,100,87,94,95,93,100,0,0,0,0,0,0,10,0,0,0,0,0,0,#DIV/0!,#DIV/0!
ACEH,ACEH SELATAN,100,100,100,99,95,97,97,96,97,97,97,90,#DIV/0!,95,89,82,93,#DIV/0!,74,92,78,71,75,73,79,63,58,62,67,47,72,32,40,11,6,0,0,0,0,0,#DIV/0!,#DIV/0!
ACEH,ACEH SINGKIL,100,95,91,70,94,85,98,95,93,95,95,94,#DIV/0!,98,90,92,96,#DIV/0!,91,78,91,69,86,53,69,67,75,100,89,50,46,11,30,40,0,#DIV/0!,#DIV/0!,#DIV/0!,#DIV/0!,#DIV/0!,#DIV/0!,#DIV/0!
ACEH,ACEH TAMIANG,97,96,99,96,96,100,100,95,97,97,98,99,#DIV/0!,95,96,96,93,#DIV/0!,91,100,93,100,90,85,90,83,69,67,50,50,69,34,43,41,4,0,0,0,0,0,#DIV/0!,#DIV/0!
ACEH,ACEH TENGAH,76,93,95,100,97,91,100,100,100,100,100,100,#DIV/0!,93,73,82,82,#DIV/0!,97,94,81,90,70,77,88,67,50,55,92,60,82,89,88,78,14,0,0,0,0,0,#DIV/0!,#DIV/0!
ACEH,ACEH TENGGARA,86,82,0,88,83,67,90,0,100,100,100,30,#DIV/0!,0,63,6,0,#DIV/0!,70,91,67,80,80,86,81,100,0,67,43,75,31,20,28,33,0,0,0,#DIV/0!,0,0,#DIV/0!,#DIV/0!
ACEH,ACEH TIMUR,92,95,83,85,88,0,88,87,97,91,92,84,#DIV/0!,87,75,82,87,#DIV/0!,90,84,85,81,97,96,94,100,82,54,56,37,18,25,38,13,6,0,0,0,0,0,#DIV/0!,#DIV/0!
ACEH,ACEH UTARA,69,87,41,39,98,94,99,99,97,99,99,99,#DIV/0!,97,97,99,98,#DIV/0!,95,94,96,95,94,97,97,89,99,61,31,19,34,31,18,9,0,0,0,0,0,0,0,#DIV/0!
ACEH,BENER MERIAH,90,70,68,92,92,0,67,29,100,83,83,100,#DIV/0!,93,100,92,100,#DIV/0!,100,92,93,78,86,86,100,63,75,67,75,100,0,#DIV/0!,13,0,20,0,0,0,0,0,#DIV/0!,#DIV/0!
ACEH,BIREUEN,60,57,76,85,68,63,59,60,66,74,88,86,#DIV/0!,85,77,79,91,#DIV/0!,82,90,84,90,85,83,86,84,63,78,69,71,70,81,64,66,25,0,0,0,0,0,0,#DIV/0!
ACEH,GAYO LUES,94,84,89,98,98,96,97,97,99,98,100,100,#DIV/0!,100,98,100,100,#DIV/0!,100,100,100,100,100,100,100,100,100,100,83,67,74,70,75,87,0,0,0,0,0,#DIV/0!,#DIV/0!,#DIV/0!
ACEH,KOTA BANDA ACEH,100,100,100,100,100,100,100,100,99,100,100,93,26,84,73,93,94,0,84,81,68,54,59,48,30,67,17,36,19,22,21,8,6,15,4,0,0,0,0,0,#DIV/0!,#DIV/0!
ACEH,KOTA LANGSA,77,87,70,73,90,84,81,60,81,60,52,55,#DIV/0!,75,72,60,83,#DIV/0!,83,77,84,72,53,46,56,38,21,75,17,19,24,9,13,11,0,0,0,0,0,0,#DIV/0!,#DIV/0!
ACEH,KOTA LHOKSEUMAWE,96,38,97,90,100,100,96,100,95,100,99,100,#DIV/0!,97,99,99,95,#DIV/0!,73,88,89,100,89,91,97,86,100,100,88,83,55,39,35,26,6,3,0,0,0,0,0,#DIV/0!
ACEH,KOTA SABANG,93,78,40,100,37,11,17,36,29,0,17,63,#DIV/0!,75,88,71,80,#DIV/0!,89,100,100,100,#DIV/0!,100,100,100,#DIV/0!,100,83,100,0,0,0,0,#DIV/0!,#DIV/0!,#DIV/0!,#DIV/0!,#DIV/0!,#DIV/0!,#DIV/0!,#DIV/0!
ACEH,KOTA SUBULUSSALAM,97,98,98,100,98,98,98,98,88,81,76,92,#DIV/0!,93,100,100,98,#DIV/0!,92,100,100,91,100,59,19,38,9,33,24,24,25,21,0,0,0,0,0,#DIV/0!,0,0,#DIV/0!,#DIV/0!
ACEH,NAGAN RAYA,90,93,91,96,62,98,86,66,88,89,#DIV/0!,26,#DIV/0!,92,96,97,88,#DIV/0!,85,100,87,82,91,87,82,64,80,80,90,88,53,60,68,64,9,0,0,0,0,#DIV/0!,#DIV/0!,#DIV/0!
ACEH,PIDIE,96,96,94,93,94,89,92,87,86,97,77,88,100,95,96,93,98,#DIV/0!,91,88,94,90,96,82,95,84,91,69,53,35,43,29,30,9,9,0,0,0,0,0,0,#DIV/0!
ACEH,PIDIE JAYA,98,90,92,98,98,95,83,100,98,91,94,97,#DIV/0!,95,93,88,94,#DIV/0!,60,100,100,83,100,89,100,67,75,100,60,80,29,0,22,50,11,0,0,0,#DIV/0!,#DIV/0!,#DIV/0!,#DIV/0!
ACEH,SIMEULUE,71,72,89,52,56,0,0,0,0,0,0,0,#DIV/0!,0,0,0,0,#DIV/0!,100,100,100,96,95,95,100,84,50,100,100,100,100,50,100,0,0,0,0,0,0,#DIV/0!,#DIV/0!,#DIV/0!
SUMUT,ASAHAN,84,84,85,88,86,87,88,88,85,84,80,84,20,90,87,91,91,#DIV/0!,86,83,95,86,86,95,92,87,91,88,91,94,59,63,68,50,13,0,0,0,0,0,#DIV/0!,#DIV/0!
SUMUT,BATU BARA,92,93,92,98,92,89,94,92,83,92,94,97,1,92,89,91,93,#DIV/0!,92,85,80,73,83,86,89,77,89,79,84,83,68,66,38,31,6,0,0,0,0,0,#DIV/0!,#DIV/0!
SUMUT,DAIRI,100,99,100,99,95,96,97,98,96,95,93,88,#DIV/0!,77,95,100,100,#DIV/0!,86,80,85,93,81,82,91,88,92,80,86,90,82,89,89,70,21,0,0,0,0,0,#DIV/0!,#DIV/0!
SUMUT,DELI SERDANG,91,93,90,92,94,92,92,93,95,95,92,93,#DIV/0!,90,91,92,89,#DIV/0!,88,88,92,91,89,90,87,85,90,62,59,58,37,27,19,14,2,1,0,1,0,0,0,#DIV/0!
SUMUT,HUMBANG HASUNDUTAN,98,95,100,96,97,96,91,94,98,91,100,98,#DIV/0!,94,0,95,92,#DIV/0!,69,77,85,100,70,67,64,69,90,57,75,67,23,17,4,10,0,0,0,0,0,0,#DIV/0!,#DIV/0!
SUMUT,KARO,98,96,100,93,98,97,99,99,88,93,98,98,100,86,82,98,97,#DIV/0!,92,94,97,92,100,100,98,100,94,34,40,46,17,14,6,11,0,0,0,0,0,0,0,#DIV/0!
SUMUT,KOTA BINJAI,90,87,98,99,99,98,99,98,74,72,94,94,#DIV/0!,85,86,79,90,#DIV/0!,94,98,98,95,94,97,86,89,91,96,89,96,87,82,79,48,20,0,0,0,0,0,#DIV/0!,#DIV/0!
SUMUT,KOTA GUNUNGSITOLI,96,91,100,100,100,100,96,90,96,91,82,80,#DIV/0!,79,87,85,90,#DIV/0!,75,63,76,70,89,55,53,40,50,33,25,13,33,45,0,0,0,0,0,0,#DIV/0!,#DIV/0!,#DIV/0!,#DIV/0!
SUMUT,KOTA MEDAN,78,78,80,76,86,86,89,90,92,92,90,91,100,92,92,94,94,#DIV/0!,87,84,81,79,74,72,75,66,61,70,60,54,50,46,44,36,7,0,0,0,0,0,0,#DIV/0!
SUMUT,KOTA PADANGSIDIMPUAN,52,56,90,84,89,97,99,99,95,96,97,99,#DIV/0!,99,99,100,2,#DIV/0!,97,88,91,97,87,97,91,88,100,88,92,90,25,25,26,19,8,0,0,0,0,0,#DIV/0!,#DIV/0!
SUMUT,KOTA PEMATANG SIANTAR,95,97,95,94,95,92,98,94,96,98,97,97,100,93,96,96,93,#DIV/0!,97,96,94,100,100,100,97,92,90,88,93,94,88,61,59,50,8,0,0,0,0,0,#DIV/0!,#DIV/0!
SUMUT,KOTA SIBOLGA,90,95,96,98,97,92,94,94,93,98,96,93,#DIV/0!,52,52,57,72,#DIV/0!,95,91,100,95,94,93,93,96,92,90,82,88,94,96,92,26,13,0,0,0,0,0,#DIV/0!,#DIV/0!
SUMUT,KOTA TANJUNG BALAI,96,94,83,89,91,95,88,77,80,66,64,78,#DIV/0!,93,88,95,94,#DIV/0!,95,93,78,86,78,100,100,76,75,100,100,80,80,67,78,37,20,0,0,0,0,0,#DIV/0!,#DIV/0!
SUMUT,KOTA TEBING TINGGI,96,93,92,98,93,95,86,92,89,92,90,100,100,91,91,95,96,#DIV/0!,93,100,100,88,100,89,100,94,100,71,71,65,65,24,32,29,0,0,0,0,0,0,#DIV/0!,#DIV/0!
SUMUT,LABUHAN BATU,94,98,98,91,94,98,93,91,90,88,93,98,100,97,98,96,98,#DIV/0!,88,92,88,95,92,83,94,87,92,95,92,92,87,88,75,62,30,0,0,0,0,0,#DIV/0!,#DIV/0!
SUMUT,LABUHAN BATU SELATAN,91,95,98,95,76,79,54,67,90,95,96,94,#DIV/0!,91,59,14,17,0,92,94,84,93,80,88,74,87,91,91,92,88,81,90,86,90,47,0,0,0,0,0,#DIV/0!,#DIV/0!
SUMUT,LABUHAN BATU UTARA,81,89,80,84,93,92,88,96,50,76,90,79,#DIV/0!,70,66,78,91,#DIV/0!,87,83,91,83,93,85,88,89,96,83,88,95,94,84,82,59,24,0,0,0,0,0,#DIV/0!,#DIV/0!
SUMUT,LANGKAT,100,99,97,99,99,99,99,99,99,99,100,99,33,90,92,94,97,45,80,84,83,82,85,91,89,88,91,83,81,76,86,84,89,38,13,0,0,0,0,0,#DIV/0!,#DIV/0!
SUMUT,MANDAILING NATAL,95,98,98,100,96,97,91,95,96,92,94,92,47,89,99,97,96,#DIV/0!,97,96,94,98,93,95,97,94,100,97,98,100,96,88,78,67,11,0,0,0,0,0,#DIV/0!,#DIV/0!
SUMUT,NIAS,100,100,100,100,100,100,97,99,100,100,100,100,#DIV/0!,100,100,100,100,#DIV/0!,100,100,93,100,71,58,100,50,100,100,50,25,22,21,16,3,0,0,0,0,0,0,#DIV/0!,#DIV/0!
SUMUT,NIAS BARAT,94,92,100,83,83,88,98,93,95,95,100,97,#DIV/0!,76,87,96,100,#DIV/0!,100,100,80,75,100,83,100,#DIV/0!,100,100,0,0,33,0,0,14,0,0,0,0,#DIV/0!,0,#DIV/0!,#DIV/0!
SUMUT,NIAS SELATAN,79,100,80,100,96,91,96,13,77,85,88,0,#DIV/0!,68,31,38,54,#DIV/0!,91,50,64,71,75,67,50,20,50,#DIV/0!,100,75,29,25,6,20,0,0,0,0,0,0,#DIV/0!,#DIV/0!
SUMUT,NIAS UTARA,91,89,82,100,8,0,23,5,97,100,100,13,#DIV/0!,100,85,93,91,#DIV/0!,91,92,92,100,67,79,79,17,100,67,33,20,20,42,20,14,20,0,0,0,0,0,#DIV/0!,#DIV/0!
SUMUT,PADANG LAWAS,95,98,96,94,96,92,95,96,93,91,96,100,#DIV/0!,88,95,94,97,#DIV/0!,88,81,86,70,78,88,94,92,100,93,90,87,88,66,73,78,8,0,0,0,0,#DIV/0!,#DIV/0!,#DIV/0!
SUMUT,PADANG LAWAS UTARA,91,93,100,95,99,94,91,96,98,94,95,95,#DIV/0!,91,93,94,92,#DIV/0!,79,96,79,81,77,90,65,81,46,12,50,25,43,41,48,11,0,0,0,0,0,0,#DIV/0!,#DIV/0!
SUMUT,PAKPAK BHARAT,95,#DIV/0!,#DIV/0!,#DIV/0!,97,100,100,100,100,100,100,100,#DIV/0!,90,100,100,100,#DIV/0!,88,82,86,100,50,67,43,67,55,25,17,20,20,20,40,50,0,0,0,0,0,0,#DIV/0!,#DIV/0!
SUMUT,SAMOSIR,89,86,57,95,84,84,86,83,88,92,94,80,#DIV/0!,85,90,88,94,#DIV/0!,80,82,86,75,70,71,82,90,73,86,70,100,86,50,60,62,0,0,0,0,0,0,#DIV/0!,#DIV/0!
SUMUT,SERDANG BEDAGAI,91,88,95,90,92,85,91,91,95,90,92,95,98,90,95,95,96,#DIV/0!,88,91,92,89,81,94,91,89,82,93,86,83,88,80,74,49,27,0,0,0,0,0,0,#DIV/0!
SUMUT,SIMALUNGUN,95,95,95,94,97,93,91,94,91,100,100,94,100,93,93,95,91,#DIV/0!,89,92,89,90,81,74,81,74,69,75,77,76,55,34,21,17,4,0,0,0,0,0,#DIV/0!,#DIV/0!
SUMUT,TAPANULI SELATAN,99,93,89,97,94,85,92,99,93,95,97,98,100,93,97,98,99,#DIV/0!,83,94,95,96,96,85,96,97,94,97,92,100,77,84,79,45,0,0,0,0,0,0,#DIV/0!,#DIV/0!
SUMUT,TAPANULI TENGAH,98,99,99,98,100,100,98,97,87,83,91,94,85,97,97,98,99,#DIV/0!,84,84,91,85,81,90,89,85,88,70,70,66,43,58,41,9,0,0,0,0,0,0,#DIV/0!,#DIV/0!
SUMUT,TAPANULI UTARA,89,87,83,92,88,98,21,0,100,100,99,100,#DIV/0!,99,99,92,99,#DIV/0!,88,94,97,100,86,84,90,74,100,91,100,94,85,79,62,42,3,0,0,0,0,0,0,#DIV/0!
SUMUT,TOBA SAMOSIR,99,86,99,100,98,98,98,97,99,91,96,90,76,88,90,88,96,#DIV/0!,80,88,96,87,93,84,86,88,83,82,90,58,73,50,63,18,0,0,0,0,0,0,#DIV/0!,#DIV/0!
SUMBAR,AGAM,80,85,87,85,89,83,91,94,88,86,93,93,#DIV/0!,91,90,93,90,#DIV/0!,94,95,84,60,39,54,24,30,13,13,38,3,12,10,15,7,0,0,0,0,0,0,#DIV/0!,#DIV/0!
SUMBAR,DHARMASRAYA,98,97,10,16,91,95,0,76,99,94,87,0,#DIV/0!,96,98,84,89,#DIV/0!,5,17,17,14,8,14,0,17,0,25,0,0,25,29,18,14,13,0,0,0,0,0,#DIV/0!,#DIV/0!
SUMBAR,KEPULAUAN MENTAWAI,67,84,93,83,88,89,83,91,91,50,65,60,#DIV/0!,88,43,0,0,#DIV/0!,#DIV/0!,#DIV/0!,#DIV/0!,#DIV/0!,#DIV/0!,#DIV/0!,#DIV/0!,#DIV/0!,#DIV/0!,#DIV/0!,#DIV/0!,#DIV/0!,0,100,#DIV/0!,#DIV/0!,0,0,0,0,0,0,#DIV/0!,#DIV/0!
SUMBAR,KOTA BUKITTINGGI,#DIV/0!,#DIV/0!,95,94,88,94,92,99,98,99,84,90,#DIV/0!,92,90,93,95,#DIV/0!,95,97,93,89,85,89,91,93,32,38,52,36,23,17,17,23,0,0,0,0,0,0,#DIV/0!,#DIV/0!
SUMBAR,KOTA PADANG,84,79,81,88,86,82,81,30,85,89,86,84,72,83,85,92,88,50,83,77,79,79,65,74,65,56,49,64,58,59,30,30,29,11,4,0,0,1,0,0,#DIV/0!,#DIV/0!
SUMBAR,KOTA PADANG PANJANG,88,91,91,83,88,89,85,93,87,91,91,85,#DIV/0!,86,90,85,84,#DIV/0!,100,93,95,100,#DIV/0!,88,100,83,56,50,100,75,20,38,13,20,0,0,0,0,0,0,#DIV/0!,#DIV/0!
SUMBAR,KOTA PARIAMAN,94,98,100,96,91,0,88,0,91,95,89,94,#DIV/0!,92,97,91,95,#DIV/0!,17,50,29,25,25,13,29,50,25,100,0,60,24,20,41,40,7,0,0,0,0,0,#DIV/0!,#DIV/0!
SUMBAR,KOTA PAYAKUMBUH,86,81,79,94,88,96,94,96,97,89,89,89,#DIV/0!,92,92,94,92,#DIV/0!,65,25,71,76,71,25,64,67,33,40,42,33,18,17,0,0,0,0,0,0,0,0,#DIV/0!,#DIV/0!
SUMBAR,KOTA SAWAH LUNTO,76,92,90,88,0,0,80,80,91,70,71,68,#DIV/0!,61,0,0,0,#DIV/0!,#DIV/0!,100,100,#DIV/0!,100,#DIV/0!,#DIV/0!,#DIV/0!,#DIV/0!,#DIV/0!,#DIV/0!,#DIV/0!,0,0,33,20,0,0,0,0,0,0,#DIV/0!,#DIV/0!
SUMBAR,KOTA SOLOK,90,91,97,97,88,92,94,97,90,90,95,89,#DIV/0!,95,93,90,87,#DIV/0!,91,86,100,91,89,82,92,86,85,18,21,27,6,13,13,0,0,0,0,0,0,0,#DIV/0!,#DIV/0!
SUMBAR,LIMA PULUH KOTA,70,82,3,88,86,0,81,0,90,93,90,78,#DIV/0!,84,84,84,80,#DIV/0!,61,67,79,70,60,76,90,47,83,53,58,63,41,52,27,17,0,0,0,0,0,0,#DIV/0!,#DIV/0!
SUMBAR,PADANG PARIAMAN,89,88,87,88,85,87,77,89,83,69,84,88,#DIV/0!,85,87,85,85,#DIV/0!,89,81,85,67,76,83,81,82,73,38,38,32,41,32,27,5,0,0,0,0,0,0,#DIV/0!,#DIV/0!
SUMBAR,PASAMAN,93,95,92,87,87,84,88,85,96,92,87,97,#DIV/0!,89,88,94,96,#DIV/0!,47,54,57,55,77,67,72,81,80,79,62,65,43,24,33,25,4,0,0,0,0,0,0,#DIV/0!
SUMBAR,PASAMAN BARAT,97,92,95,83,97,91,88,94,89,92,87,92,#DIV/0!,93,91,92,96,#DIV/0!,41,33,29,0,0,33,25,43,35,13,39,42,41,25,18,12,5,0,0,0,0,0,0,#DIV/0!
SUMBAR,PESISIR SELATAN,97,95,96,93,98,96,96,96,97,97,98,97,#DIV/0!,96,97,96,97,#DIV/0!,93,96,95,88,79,91,85,94,96,98,97,70,70,68,31,11,4,0,0,0,0,0,#DIV/0!,#DIV/0!
SUMBAR,SIJUNJUNG,100,94,0,89,91,92,100,98,99,100,95,97,#DIV/0!,97,95,96,97,#DIV/0!,6,42,38,25,13,0,38,0,43,40,13,0,42,44,15,21,0,0,#DIV/0!,0,0,0,#DIV/0!,#DIV/0!
SUMBAR,SOLOK,96,95,91,97,91,93,93,0,66,82,81,77,#DIV/0!,76,99,86,99,#DIV/0!,33,26,9,67,0,60,0,50,67,33,67,0,18,17,0,9,0,0,0,0,0,0,#DIV/0!,#DIV/0!
SUMBAR,SOLOK SELATAN,95,100,98,93,96,95,89,95,86,95,92,86,#DIV/0!,85,94,82,86,#DIV/0!,96,90,86,38,0,53,38,33,65,64,29,0,6,0,4,13,25,0,0,0,#DIV/0!,#DIV/0!,#DIV/0!,#DIV/0!
SUMBAR,TANAH DATAR,88,90,11,89,94,96,90,86,93,83,90,89,#DIV/0!,96,97,100,98,#DIV/0!,36,47,48,40,30,30,50,13,33,15,36,25,27,24,16,11,0,0,0,0,0,0,#DIV/0!,#DIV/0!
RIAU,BENGKALIS,88,95,89,92,92,99,96,93,89,95,81,90,#DIV/0!,91,89,95,88,#DIV/0!,90,91,94,95,96,89,95,90,92,85,80,85,90,82,78,60,5,0,0,0,0,0,#DIV/0!,#DIV/0!
RIAU,INDRAGIRI HILIR,100,89,50,64,50,63,62,53,92,90,80,73,#DIV/0!,94,91,94,92,#DIV/0!,91,88,92,94,87,90,80,95,94,93,97,87,88,84,80,71,31,0,0,0,0,0,#DIV/0!,#DIV/0!
RIAU,INDRAGIRI HULU,94,95,92,90,91,97,84,87,89,94,77,88,#DIV/0!,94,96,96,85,#DIV/0!,87,97,83,91,95,95,91,88,89,95,94,96,86,94,75,73,34,0,0,0,0,0,0,#DIV/0!
RIAU,KAMPAR,88,93,90,84,92,53,61,63,76,92,93,93,#DIV/0!,95,97,93,95,#DIV/0!,96,92,97,91,91,98,96,99,95,92,98,89,90,88,88,58,13,0,0,0,0,0,#DIV/0!,#DIV/0!
RIAU,KEPULAUAN MERANTI,94,100,98,90,86,86,88,78,84,78,91,78,#DIV/0!,78,81,74,81,#DIV/0!,94,83,91,75,75,87,72,93,83,100,80,94,72,67,89,68,0,0,0,0,0,#DIV/0!,#DIV/0!,#DIV/0!
RIAU,KOTA DUMAI,86,92,87,84,84,91,89,88,89,92,92,95,#DIV/0!,92,87,93,99,#DIV/0!,88,88,93,92,96,95,94,90,83,84,95,96,91,90,89,84,43,0,0,0,0,0,0,#DIV/0!
RIAU,KOTA PEKANBARU,80,81,80,80,87,93,95,90,92,92,92,93,70,89,90,90,87,67,91,87,89,93,89,90,90,92,90,91,91,93,73,71,67,46,9,0,0,0,0,0,0,#DIV/0!
RIAU,KUANTAN SINGINGI,94,100,95,87,92,78,85,84,88,88,92,86,#DIV/0!,95,91,93,98,#DIV/0!,97,96,95,100,100,100,95,94,94,87,95,92,89,85,88,85,29,0,0,0,0,0,#DIV/0!,#DIV/0!
RIAU,PELALAWAN,71,73,65,69,87,89,97,94,94,98,73,92,#DIV/0!,99,99,99,100,#DIV/0!,96,94,97,97,94,81,88,94,92,85,87,100,85,61,73,92,12,0,0,0,0,0,#DIV/0!,#DIV/0!
RIAU,ROKAN HILIR,89,88,86,92,82,87,86,91,91,92,91,95,#DIV/0!,93,93,91,94,#DIV/0!,93,94,93,91,94,89,96,82,82,94,90,97,93,95,92,84,34,0,0,0,0,0,#DIV/0!,#DIV/0!
RIAU,ROKAN HULU,81,81,82,99,34,53,57,71,98,97,96,99,#DIV/0!,95,97,96,98,#DIV/0!,97,92,90,100,95,97,98,96,96,94,92,94,97,91,94,92,32,0,0,0,0,0,#DIV/0!,#DIV/0!
RIAU,SIAK,76,82,90,83,83,83,88,86,90,88,90,92,#DIV/0!,94,92,96,94,#DIV/0!,89,90,96,93,88,90,91,100,94,100,100,90,88,90,95,73,5,0,0,0,0,0,#DIV/0!,#DIV/0!
KEPRI,BINTAN,91,80,86,92,98,94,87,96,94,96,98,94,80,96,95,95,95,#DIV/0!,83,100,87,83,93,100,87,100,77,67,67,83,64,92,40,38,17,0,0,0,0,0,#DIV/0!,#DIV/0!
KEPRI,KARIMUN,82,86,77,81,84,90,86,89,83,88,83,90,84,89,91,88,94,#DIV/0!,92,93,83,92,100,87,96,100,74,43,12,6,4,5,5,0,0,0,0,0,0,0,#DIV/0!,#DIV/0!
KEPRI,KEPULAUAN ANAMBAS,100,100,100,100,90,93,60,17,86,92,95,100,#DIV/0!,76,91,87,100,#DIV/0!,100,77,100,100,100,33,73,50,67,0,#DIV/0!,#DIV/0!,0,0,0,0,0,0,#DIV/0!,0,0,#DIV/0!,#DIV/0!,#DIV/0!
KEPRI,KOTA BATAM,84,82,88,90,93,93,88,90,92,93,90,88,80,75,92,87,88,56,88,84,82,88,83,77,81,79,72,73,73,67,68,55,36,28,8,0,0,0,0,0,0,#DIV/0!
KEPRI,KOTA TANJUNG PINANG,84,92,90,92,79,80,87,93,90,82,88,90,#DIV/0!,88,96,82,85,#DIV/0!,84,83,88,76,88,61,84,85,87,30,23,27,27,12,11,0,0,0,0,0,0,0,#DIV/0!,#DIV/0!
KEPRI,LINGGA,73,78,89,91,82,71,91,78,76,84,83,77,#DIV/0!,75,78,76,63,#DIV/0!,70,75,67,67,50,43,55,80,17,33,80,50,56,83,0,0,0,0,0,0,0,0,#DIV/0!,#DIV/0!
KEPRI,NATUNA,87,71,100,86,86,100,90,85,100,83,100,94,#DIV/0!,86,100,96,97,#DIV/0!,100,86,92,100,100,83,60,29,20,0,0,0,0,0,0,0,0,0,0,0,0,0,#DIV/0!,#DIV/0!
JAMBI,BATANG HARI,77,80,83,74,80,76,83,74,78,86,84,81,#DIV/0!,78,78,80,88,#DIV/0!,56,36,74,54,29,59,42,50,46,56,47,30,38,40,39,23,4,0,0,0,0,0,#DIV/0!,#DIV/0!
JAMBI,BUNGO,52,#DIV/0!,48,4,99,99,100,100,100,99,89,94,#DIV/0!,95,91,94,93,#DIV/0!,80,94,75,74,91,74,79,81,48,48,48,43,53,43,41,21,4,0,0,0,0,0,#DIV/0!,#DIV/0!
JAMBI,KERINCI,85,0,38,0,97,100,94,0,100,97,100,100,#DIV/0!,94,93,100,97,#DIV/0!,77,94,86,80,100,25,92,73,56,46,50,71,71,58,30,33,0,0,0,0,0,0,#DIV/0!,#DIV/0!
JAMBI,KOTA JAMBI,65,75,51,67,94,90,88,92,95,94,46,90,#DIV/0!,94,93,94,93,#DIV/0!,73,64,64,64,68,60,50,47,48,47,35,46,47,40,44,22,6,0,0,0,0,0,#DIV/0!,#DIV/0!
JAMBI,KOTA SUNGAI PENUH,87,82,100,100,96,94,92,100,100,100,88,60,#DIV/0!,73,89,88,100,#DIV/0!,70,100,88,50,67,100,100,#DIV/0!,88,100,50,50,100,67,100,75,20,0,0,0,0,0,#DIV/0!,#DIV/0!
JAMBI,MERANGIN,92,83,22,57,83,95,94,100,97,100,100,100,100,99,97,99,100,#DIV/0!,26,47,41,53,25,45,43,30,31,41,21,24,30,31,33,0,3,0,0,0,0,0,0,#DIV/0!
JAMBI,MUARO JAMBI,99,93,90,96,99,98,99,25,97,62,98,99,#DIV/0!,100,97,98,99,#DIV/0!,29,41,19,31,50,56,32,33,47,58,33,50,35,32,27,16,5,0,0,0,0,0,#DIV/0!,#DIV/0!
JAMBI,SAROLANGUN,96,98,99,100,99,100,99,99,99,98,98,98,#DIV/0!,99,100,100,91,#DIV/0!,73,80,69,86,55,71,52,67,37,48,30,41,38,20,39,35,0,0,0,0,0,0,#DIV/0!,#DIV/0!
JAMBI,TANJUNG JABUNG BARAT,93,97,92,99,94,100,94,100,99,100,98,99,#DIV/0!,100,97,100,97,100,65,91,82,75,58,82,74,78,88,46,72,67,33,64,39,29,14,0,0,0,0,0,#DIV/0!,#DIV/0!
JAMBI,TANJUNG JABUNG TIMUR,#DIV/0!,19,100,0,100,0,0,0,100,98,84,96,#DIV/0!,71,0,3,97,0,96,95,86,73,92,75,62,93,89,100,93,64,100,79,67,31,10,0,0,0,0,0,#DIV/0!,#DIV/0!
JAMBI,TEBO,96,93,96,97,92,92,100,95,69,91,97,94,#DIV/0!,75,78,86,88,#DIV/0!,70,75,63,88,58,70,69,80,76,53,76,63,48,55,46,35,25,0,0,0,0,0,#DIV/0!,#DIV/0!
SUMSEL,BANYU ASIN,97,94,97,97,94,96,98,97,98,97,97,96,#DIV/0!,99,99,100,100,#DIV/0!,94,95,90,92,98,89,90,96,94,98,83,89,26,41,25,14,5,0,0,0,0,0,#DIV/0!,#DIV/0!
SUMSEL,EMPAT LAWANG,100,100,0,#DIV/0!,100,100,97,0,97,100,95,98,#DIV/0!,99,81,100,98,#DIV/0!,94,100,100,100,93,100,100,100,100,100,100,95,100,94,91,25,0,0,0,0,0,#DIV/0!,#DIV/0!,#DIV/0!
SUMSEL,KOTA LUBUKLINGGAU,86,89,91,94,99,95,96,99,96,99,97,97,#DIV/0!,96,96,98,96,#DIV/0!,91,82,90,83,83,100,87,94,93,81,79,95,45,48,30,23,0,0,0,0,0,0,0,#DIV/0!
SUMSEL,KOTA PAGAR ALAM,67,55,81,78,93,90,100,#DIV/0!,98,100,99,100,#DIV/0!,97,100,85,98,#DIV/0!,12,33,13,25,0,13,11,9,8,0,11,0,40,38,10,0,0,0,0,0,0,0,#DIV/0!,#DIV/0!
SUMSEL,KOTA PALEMBANG,97,97,96,96,92,93,95,93,96,93,95,95,6,90,93,82,86,80,87,86,89,89,89,85,84,87,88,89,85,84,28,34,23,16,5,0,0,0,0,0,0,#DIV/0!
SUMSEL,KOTA PRABUMULIH,93,90,20,5,95,99,94,100,95,89,92,91,#DIV/0!,99,99,100,99,#DIV/0!,83,89,85,80,91,80,77,80,88,85,97,88,52,5,13,6,0,0,0,0,0,0,#DIV/0!,#DIV/0!
SUMSEL,LAHAT,84,89,93,92,92,97,99,99,98,94,100,99,#DIV/0!,100,100,99,98,#DIV/0!,89,87,94,91,95,92,79,88,71,67,86,100,37,23,32,13,0,0,0,0,0,0,#DIV/0!,#DIV/0!
SUMSEL,MUARA ENIM,95,94,95,95,93,95,97,95,96,97,94,91,#DIV/0!,93,95,93,93,#DIV/0!,86,79,91,83,84,87,85,90,92,85,78,90,75,64,42,28,2,0,0,0,0,0,#DIV/0!,#DIV/0!
SUMSEL,MUSI BANYUASIN,98,98,95,98,97,97,98,96,97,95,95,87,#DIV/0!,97,98,98,99,#DIV/0!,95,97,94,88,91,90,85,83,92,92,75,83,59,56,36,47,7,0,0,0,0,0,#DIV/0!,#DIV/0!
SUMSEL,MUSI RAWAS,93,100,93,93,98,95,97,90,95,92,90,95,#DIV/0!,93,91,99,93,#DIV/0!,93,96,90,93,82,92,88,89,92,79,94,93,73,62,41,26,3,0,0,0,0,0,#DIV/0!,#DIV/0!
SUMSEL,MUSI RAWAS UTARA,97,98,97,94,98,97,89,#DIV/0!,99,99,95,0,#DIV/0!,100,100,100,100,#DIV/0!,85,95,84,56,70,83,77,79,91,50,57,55,63,46,38,67,13,0,0,0,0,0,#DIV/0!,#DIV/0!
SUMSEL,OGAN ILIR,95,97,96,92,97,99,98,99,97,98,96,98,#DIV/0!,97,98,96,98,#DIV/0!,90,95,89,94,88,83,97,95,97,97,83,90,68,46,56,53,11,0,0,0,0,0,0,#DIV/0!
SUMSEL,OGAN KOMERING ILIR,87,91,96,88,95,91,90,95,94,95,97,93,#DIV/0!,96,94,93,96,#DIV/0!,93,88,92,89,97,93,94,95,87,95,93,85,51,50,40,21,3,0,0,0,0,0,#DIV/0!,#DIV/0!
SUMSEL,OGAN KOMERING ULU,100,96,97,94,97,99,100,99,100,98,99,100,#DIV/0!,100,100,100,100,#DIV/0!,98,97,86,100,81,83,96,100,88,100,90,100,18,9,16,13,2,0,0,0,0,0,#DIV/0!,#DIV/0!
SUMSEL,OGAN KOMERING ULU SELATAN,97,95,100,94,100,98,100,99,100,100,96,0,#DIV/0!,93,72,70,89,#DIV/0!,80,78,88,91,100,86,86,100,76,87,100,92,83,82,63,80,27,0,0,0,0,0,#DIV/0!,#DIV/0!
SUMSEL,OGAN KOMERING ULU TIMUR,90,90,93,97,98,100,100,99,99,100,99,97,#DIV/0!,98,98,98,99,#DIV/0!,98,93,96,97,90,96,96,88,93,94,87,84,11,18,17,15,3,0,0,0,0,0,#DIV/0!,#DIV/0!
SUMSEL,PENUKAL ABAB,95,85,66,66,99,96,#DIV/0!,#DIV/0!,94,99,98,96,#DIV/0!,100,98,99,99,#DIV/0!,84,93,94,88,57,68,74,37,44,64,71,88,85,81,76,94,30,0,0,0,0,0,0,#DIV/0!
BABEL,BANGKA,75,69,78,75,89,80,77,82,90,98,89,96,#DIV/0!,92,95,90,93,#DIV/0!,88,95,93,91,80,90,58,60,56,57,60,65,32,27,17,19,0,0,0,0,0,0,#DIV/0!,#DIV/0!
BABEL,BANGKA BARAT,72,82,82,86,93,94,77,72,82,88,75,79,#DIV/0!,85,88,90,84,#DIV/0!,100,81,44,82,60,60,60,50,59,53,53,14,33,53,53,11,0,0,0,0,0,0,0,#DIV/0!
BABEL,BANGKA SELATAN,87,70,86,94,88,86,91,91,95,92,89,82,#DIV/0!,89,94,95,91,#DIV/0!,88,96,86,71,70,77,57,78,73,40,57,78,21,60,73,29,0,0,0,0,0,0,#DIV/0!,#DIV/0!
BABEL,BANGKA TENGAH,80,86,86,97,96,96,90,95,89,92,84,89,73,92,86,82,87,#DIV/0!,89,60,78,29,50,64,75,42,36,21,38,47,7,11,8,0,0,0,0,0,0,0,#DIV/0!,#DIV/0!
BABEL,BELITUNG,74,84,72,80,83,84,91,95,59,82,70,73,#DIV/0!,83,81,89,91,#DIV/0!,96,83,71,81,100,94,76,88,93,64,87,64,75,54,56,29,8,0,0,0,0,0,#DIV/0!,#DIV/0!
BABEL,BELITUNG TIMUR,93,85,83,93,66,94,74,92,96,95,92,95,#DIV/0!,85,82,75,83,#DIV/0!,92,78,93,80,83,100,100,100,100,100,88,73,100,80,83,45,75,0,0,0,0,0,0,#DIV/0!
BABEL,KOTA PANGKAL PINANG,96,86,90,84,89,91,89,86,95,95,98,98,#DIV/0!,98,97,95,93,#DIV/0!,91,86,77,70,87,90,41,41,37,23,49,48,43,11,12,32,0,0,0,0,0,0,#DIV/0!,#DIV/0!
BENGKULU,BENGKULU SELATAN,96,98,97,100,100,98,91,98,96,100,98,98,#DIV/0!,90,87,96,100,#DIV/0!,95,94,70,100,78,92,92,88,100,25,10,0,8,0,0,0,0,0,0,0,0,0,#DIV/0!,#DIV/0!
BENGKULU,BENGKULU TENGAH,94,95,97,100,88,0,91,81,95,87,92,95,#DIV/0!,93,90,18,0,#DIV/0!,73,38,88,33,#DIV/0!,40,67,100,57,0,56,25,70,54,86,80,20,0,0,0,0,#DIV/0!,#DIV/0!,#DIV/0!
BENGKULU,BENGKULU UTARA,96,90,95,100,96,96,100,99,96,98,97,95,#DIV/0!,93,92,98,97,100,69,91,90,90,100,100,93,100,80,90,63,75,77,69,71,25,0,0,0,0,0,0,#DIV/0!,#DIV/0!
BENGKULU,KAUR,100,100,100,100,87,4,0,0,0,100,0,0,#DIV/0!,49,89,78,100,#DIV/0!,83,71,71,100,100,80,100,83,50,40,57,#DIV/0!,100,100,100,25,0,0,0,#DIV/0!,#DIV/0!,#DIV/0!,#DIV/0!,#DIV/0!
BENGKULU,KEPAHIANG,100,87,100,100,94,95,100,100,99,100,99,100,#DIV/0!,98,99,99,100,#DIV/0!,76,56,50,40,61,21,45,50,44,50,44,11,0,15,10,0,0,0,#DIV/0!,0,0,0,#DIV/0!,#DIV/0!
BENGKULU,KOTA BENGKULU,77,66,79,88,86,93,93,96,77,91,94,55,#DIV/0!,71,69,95,98,#DIV/0!,96,96,86,60,80,100,97,96,94,63,69,81,50,43,26,25,0,0,0,0,0,0,#DIV/0!,#DIV/0!
BENGKULU,LEBONG,100,100,100,100,97,100,100,0,100,100,100,100,#DIV/0!,98,2,98,58,#DIV/0!,92,83,56,82,67,87,32,60,13,0,50,56,23,6,17,50,0,0,0,0,0,0,#DIV/0!,#DIV/0!
BENGKULU,MUKOMUKO,95,99,97,100,99,46,43,25,39,40,39,1,#DIV/0!,99,100,99,100,#DIV/0!,100,95,88,100,100,92,100,92,81,100,89,88,75,33,46,46,8,0,0,0,0,0,#DIV/0!,#DIV/0!
BENGKULU,REJANG LEBONG,94,88,86,95,83,77,83,82,78,89,76,78,#DIV/0!,77,75,84,68,#DIV/0!,84,68,74,88,75,70,68,60,55,53,57,57,25,13,12,35,8,0,0,0,0,0,#DIV/0!,#DIV/0!
BENGKULU,SELUMA,93,91,91,85,94,84,96,42,100,100,98,100,#DIV/0!,96,97,100,36,#DIV/0!,67,50,0,#DIV/0!,#DIV/0!,0,0,0,0,#DIV/0!,#DIV/0!,#DIV/0!,0,#DIV/0!,#DIV/0!,0,#DIV/0!,#DIV/0!,#DIV/0!,0,#DIV/0!,50,#DIV/0!,#DIV/0!
LAMPUNG,KOTA BANDAR LAMPUNG,85,50,88,91,83,89,91,81,96,94,96,95,22,97,99,97,94,0,93,88,89,93,88,86,83,84,84,88,84,85,59,59,46,31,6,0,0,0,0,0,#DIV/0!,#DIV/0!
LAMPUNG,KOTA METRO,98,97,95,90,90,86,88,89,100,99,95,99,#DIV/0!,97,96,97,96,#DIV/0!,98,98,96,100,92,89,94,90,81,100,95,68,92,86,73,67,29,0,0,0,0,0,0,#DIV/0!
LAMPUNG,LAMPUNG BARAT,8,0,0,0,71,68,77,53,92,90,89,96,#DIV/0!,89,98,92,93,#DIV/0!,81,77,57,72,100,82,53,75,71,81,88,90,70,75,38,13,15,0,0,0,0,0,#DIV/0!,#DIV/0!
LAMPUNG,LAMPUNG SELATAN,98,98,99,99,99,96,99,0,99,100,100,#DIV/0!,25,100,100,100,100,#DIV/0!,80,79,81,64,55,62,64,57,55,62,59,70,46,44,48,33,14,0,0,0,0,0,0,#DIV/0!
LAMPUNG,LAMPUNG TENGAH,97,99,98,92,94,97,98,99,99,99,100,100,70,92,96,92,91,0,87,89,85,86,81,77,78,82,89,78,75,74,77,57,31,31,4,0,0,0,0,0,#DIV/0!,#DIV/0!
LAMPUNG,LAMPUNG TIMUR,94,95,#DIV/0!,95,96,99,96,#DIV/0!,98,99,99,100,100,100,100,100,99,#DIV/0!,97,95,98,94,89,95,90,94,91,89,72,78,59,53,47,32,13,0,0,0,0,0,#DIV/0!,#DIV/0!
LAMPUNG,LAMPUNG UTARA,0,100,100,0,100,100,100,100,90,96,97,95,100,99,98,99,98,#DIV/0!,34,33,46,40,20,30,34,19,28,18,43,9,38,36,33,43,16,0,0,0,0,0,#DIV/0!,#DIV/0!
LAMPUNG,MESUJI,93,14,0,0,100,0,100,100,100,100,100,100,0,96,93,96,94,#DIV/0!,88,91,95,96,93,100,97,100,95,100,94,93,85,80,61,69,57,0,0,0,0,0,#DIV/0!,#DIV/0!
LAMPUNG,PESAWARAN,100,100,98,100,98,100,98,75,100,99,99,98,100,96,98,94,96,#DIV/0!,74,58,72,83,74,69,81,59,68,42,36,35,34,30,18,27,29,0,0,0,0,0,0,#DIV/0!
LAMPUNG,PESISIR BARAT,80,75,76,81,95,78,86,68,90,89,79,90,#DIV/0!,89,86,100,100,#DIV/0!,94,69,68,100,60,75,78,58,82,63,75,50,33,33,27,33,14,0,0,0,0,0,0,#DIV/0!
LAMPUNG,PRINGSEWU,#DIV/0!,96,93,93,89,98,88,96,100,95,99,99,#DIV/0!,96,100,99,99,#DIV/0!,70,72,70,74,51,52,61,56,77,84,95,81,77,45,54,38,13,0,0,0,0,0,#DIV/0!,#DIV/0!
LAMPUNG,TANGGAMUS,78,70,41,96,92,91,91,93,92,96,93,93,100,93,91,94,97,#DIV/0!,76,58,60,77,86,81,82,77,73,75,70,77,78,73,44,35,2,0,0,0,0,0,#DIV/0!,#DIV/0!
LAMPUNG,TULANGBAWANG,91,94,93,97,97,93,95,25,97,97,98,98,#DIV/0!,95,95,96,98,#DIV/0!,90,85,96,89,88,80,74,67,76,61,53,41,58,58,41,22,3,0,0,0,0,0,#DIV/0!,#DIV/0!
LAMPUNG,TULANG BAWANG BARAT,86,90,83,92,88,91,94,88,96,98,99,100,100,100,96,100,100,#DIV/0!,96,81,77,83,78,70,89,84,80,81,97,75,82,73,75,52,10,0,0,0,0,0,#DIV/0!,#DIV/0!
LAMPUNG,WAY KANAN,97,98,98,73,22,62,97,0,98,98,97,100,27,98,99,100,100,#DIV/0!,67,71,66,53,58,30,53,33,42,36,30,52,68,75,61,32,0,0,0,0,0,0,#DIV/0!,#DIV/0!
BANTEN,KOTA CILEGON,83,77,75,83,86,87,87,84,95,93,93,93,#DIV/0!,93,91,93,94,0,89,95,92,95,87,91,89,92,91,90,87,88,47,42,35,12,2,0,0,0,0,0,#DIV/0!,#DIV/0!
BANTEN,KOTA SERANG,82,100,92,95,95,92,90,90,88,88,87,85,#DIV/0!,82,90,93,91,#DIV/0!,85,87,93,88,90,87,91,78,91,89,81,72,69,67,61,43,5,0,0,0,0,0,0,#DIV/0!
BANTEN,KOTA TANGERANG,94,96,95,94,92,93,92,93,92,95,96,96,37,79,87,91,88,32,85,87,87,84,74,80,70,64,71,61,56,50,44,35,32,16,2,1,0,0,0,0,0,#DIV/0!
BANTEN,KOTA TANGERANG SELATAN,83,84,81,81,84,84,85,85,93,94,93,94,62,92,92,92,88,64,76,81,80,77,71,69,73,76,70,63,64,60,40,30,26,17,4,0,0,0,0,0,0,#DIV/0!
BANTEN,LEBAK,#DIV/0!,94,95,96,94,94,95,96,96,95,95,96,#DIV/0!,75,83,56,67,#DIV/0!,97,98,97,96,95,96,98,98,89,88,95,92,60,55,49,24,4,0,0,0,0,0,0,#DIV/0!
BANTEN,PANDEGLANG,94,95,95,92,93,92,92,92,94,94,95,92,#DIV/0!,93,93,91,93,0,94,92,91,87,86,87,91,86,88,89,93,81,62,60,51,30,1,0,0,0,0,0,#DIV/0!,#DIV/0!
BANTEN,SERANG,95,97,97,98,98,96,96,96,97,97,96,87,58,80,83,85,86,#DIV/0!,91,93,94,93,92,95,89,83,82,70,59,62,27,19,17,6,0,0,0,0,0,0,0,#DIV/0!
BANTEN,TANGERANG,88,85,90,86,87,87,88,87,85,87,88,90,26,88,86,89,89,12,90,92,89,89,87,84,81,82,77,72,73,69,47,44,43,29,9,0,0,0,0,0,0,#DIV/0!
DKI JAKARTA,KEPULAUAN SERIBU,92,62,57,89,87,38,50,48,92,83,75,94,#DIV/0!,94,93,73,92,#DIV/0!,71,56,75,67,0,100,#DIV/0!,0,100,60,33,#DIV/0!,#DIV/0!,100,100,50,25,0,0,0,0,0,#DIV/0!,#DIV/0!
DKI JAKARTA,KOTA JAKARTA BARAT,86,86,86,87,86,89,87,86,91,91,89,90,100,88,90,92,76,#DIV/0!,73,66,64,53,57,61,75,68,56,66,49,52,38,32,26,17,7,0,0,0,0,0,0,#DIV/0!
DKI JAKARTA,KOTA JAKARTA PUSAT,73,74,74,74,76,78,81,72,70,73,77,77,64,78,79,78,78,#DIV/0!,64,65,70,68,64,69,56,54,60,36,31,39,31,27,22,16,5,0,0,0,0,0,0,#DIV/0!
DKI JAKARTA,KOTA JAKARTA SELATAN,83,78,78,80,73,71,74,70,72,75,76,78,100,81,82,81,81,#DIV/0!,75,73,71,71,69,69,70,65,68,73,70,62,61,48,39,32,9,0,0,0,0,0,0,#DIV/0!
DKI JAKARTA,KOTA JAKARTA TIMUR,74,76,78,78,88,88,87,84,87,87,84,87,#DIV/0!,89,86,88,88,#DIV/0!,83,82,81,84,80,82,79,78,75,47,42,46,42,30,30,26,7,1,0,0,0,0,0,#DIV/0!
DKI JAKARTA,KOTA JAKARTA UTARA,72,75,77,76,79,82,77,60,64,64,68,71,#DIV/0!,72,68,73,74,#DIV/0!,58,55,59,44,46,45,47,48,59,41,43,38,46,29,24,14,6,0,0,0,0,0,0,#DIV/0!
JABAR,BANDUNG,91,92,91,91,86,85,83,88,73,79,88,89,36,78,88,89,88,7,78,76,75,71,71,67,70,63,61,55,56,56,55,42,37,34,10,0,0,0,0,0,0,#DIV/0!
JABAR,BANDUNG BARAT,93,93,90,90,85,92,91,87,75,82,87,6,26,90,74,89,86,#DIV/0!,86,80,83,77,68,78,85,65,81,81,65,71,49,41,39,42,14,0,0,1,0,0,0,#DIV/0!
JABAR,BEKASI,95,95,90,97,92,89,90,87,95,93,91,91,45,64,67,73,76,22,62,66,65,57,49,55,58,59,57,55,51,53,56,39,37,24,10,0,0,0,0,0,0,#DIV/0!
JABAR,BOGOR,89,92,90,83,84,84,85,85,93,92,86,88,#DIV/0!,76,81,82,82,#DIV/0!,70,67,68,63,64,66,73,65,58,52,57,48,41,32,26,21,6,1,0,0,0,0,0,#DIV/0!
JABAR,CIAMIS,96,95,90,99,94,93,97,97,93,96,94,95,100,95,93,92,82,#DIV/0!,84,88,87,86,81,93,83,83,78,76,71,68,48,50,36,35,10,0,0,0,0,0,#DIV/0!,#DIV/0!
JABAR,CIANJUR,90,92,94,93,95,80,93,97,95,95,85,79,29,92,68,87,95,97,74,75,76,67,66,66,70,70,60,53,54,55,44,33,37,22,12,0,0,0,0,0,0,#DIV/0!
JABAR,CIREBON,89,93,92,87,88,89,91,93,91,89,91,92,61,71,78,90,88,42,84,81,84,89,87,84,80,78,82,79,81,81,82,80,65,47,18,0,0,0,0,0,0,#DIV/0!
JABAR,GARUT,89,90,93,89,84,88,93,91,86,95,96,57,61,71,69,86,87,0,73,75,68,75,69,70,63,66,54,57,43,53,50,45,49,35,19,0,0,0,0,0,0,#DIV/0!
JABAR,INDRAMAYU,92,93,95,96,94,73,51,48,89,89,89,90,45,84,84,89,90,24,64,74,69,69,77,78,69,68,47,43,44,36,25,22,17,16,2,0,0,0,0,0,#DIV/0!,#DIV/0!
JABAR,KARAWANG,86,93,95,76,77,65,25,44,84,76,70,72,47,64,62,50,78,20,72,78,75,78,73,71,67,70,65,63,58,72,63,61,55,37,9,0,0,0,0,0,0,#DIV/0!
JABAR,KOTA BANDUNG,78,82,80,80,80,80,79,76,85,82,81,80,#DIV/0!,82,78,80,80,#DIV/0!,84,78,82,78,77,76,77,71,68,62,58,54,55,43,31,22,6,0,0,0,0,0,0,#DIV/0!
JABAR,KOTA BANJAR,97,90,96,99,96,99,93,98,99,99,98,99,#DIV/0!,99,98,98,100,#DIV/0!,100,97,98,90,100,89,89,100,83,83,30,40,92,83,100,59,0,0,0,0,0,0,#DIV/0!,#DIV/0!
JABAR,KOTA BEKASI,85,84,83,80,81,78,79,79,76,76,69,75,42,53,74,72,68,17,56,56,57,54,54,53,50,51,56,53,44,49,37,37,40,30,8,0,0,0,0,0,0,#DIV/0!
JABAR,KOTA BOGOR,85,93,89,89,85,93,80,78,85,78,84,83,#DIV/0!,86,86,84,81,#DIV/0!,52,38,40,43,38,36,34,38,31,38,37,36,22,20,12,9,2,0,0,0,0,0,0,#DIV/0!
JABAR,KOTA CIMAHI,96,95,96,92,94,96,96,96,86,96,96,96,#DIV/0!,91,93,97,96,#DIV/0!,78,77,74,69,75,70,72,75,67,57,48,41,31,36,30,17,5,0,0,0,0,0,0,#DIV/0!
JABAR,KOTA CIREBON,92,93,95,96,95,97,96,96,65,89,49,85,#DIV/0!,91,94,90,92,#DIV/0!,92,81,83,73,63,60,69,61,69,56,56,85,51,32,43,40,7,0,0,0,0,0,0,#DIV/0!
JABAR,KOTA DEPOK,81,87,87,93,83,83,85,80,90,90,90,89,64,76,83,78,77,29,85,83,84,85,77,83,81,73,71,64,62,55,47,45,33,24,8,0,0,0,0,0,0,#DIV/0!
JABAR,KOTA SUKABUMI,93,89,78,81,75,70,64,72,97,93,95,97,#DIV/0!,64,94,93,91,#DIV/0!,94,91,94,93,79,69,72,58,51,56,56,42,40,41,39,38,10,0,0,0,0,0,#DIV/0!,#DIV/0!
JABAR,KOTA TASIKMALAYA,74,78,74,80,78,81,84,85,88,93,94,92,#DIV/0!,68,62,85,91,#DIV/0!,83,88,88,83,90,78,74,72,70,74,64,69,62,48,51,42,7,0,0,0,0,0,#DIV/0!,#DIV/0!
JABAR,KUNINGAN,91,90,91,93,93,92,94,91,92,93,93,91,#DIV/0!,88,91,92,94,#DIV/0!,84,87,89,85,83,83,80,83,79,81,73,76,75,59,60,43,17,0,0,0,0,0,0,#DIV/0!
JABAR,MAJALENGKA,97,96,98,100,98,98,99,97,90,98,99,99,#DIV/0!,82,84,99,99,0,95,93,94,94,94,94,90,78,83,75,83,87,75,58,53,53,23,0,0,0,0,0,#DIV/0!,#DIV/0!
JABAR,PANGANDARAN,100,99,98,100,93,100,19,83,64,59,64,0,#DIV/0!,42,21,4,0,#DIV/0!,93,81,80,83,77,78,78,53,56,50,42,24,51,8,15,5,0,0,0,0,0,0,#DIV/0!,#DIV/0!
JABAR,PURWAKARTA,98,97,94,93,89,87,89,90,93,91,89,90,#DIV/0!,93,91,88,93,#DIV/0!,98,97,95,95,100,92,94,89,90,87,82,83,81,64,56,44,19,0,0,0,0,0,0,#DIV/0!
JABAR,SUBANG,95,95,92,92,91,88,80,94,95,92,91,91,32,89,91,90,90,56,88,83,86,82,86,86,85,86,79,80,73,70,75,69,68,69,26,0,0,0,0,0,0,#DIV/0!
JABAR,SUKABUMI,98,96,97,89,99,97,90,93,97,95,91,96,32,98,74,78,96,97,50,52,45,48,54,58,53,45,48,40,53,54,35,50,46,43,20,0,0,0,0,0,0,#DIV/0!
JABAR,SUMEDANG,90,96,92,92,91,92,91,91,79,88,95,89,#DIV/0!,93,84,64,77,#DIV/0!,60,59,60,60,56,54,54,47,38,37,31,32,40,29,35,25,12,10,6,0,0,8,#DIV/0!,#DIV/0!
JABAR,TASIKMALAYA,92,95,94,89,95,93,91,92,90,92,89,88,85,84,88,89,85,1,82,70,76,83,80,74,63,71,70,56,56,59,50,42,38,24,13,0,0,0,0,0,0,#DIV/0!
JATENG,BANJARNEGARA,72,86,40,40,79,68,86,65,68,84,75,70,#DIV/0!,75,79,85,90,#DIV/0!,92,96,96,97,90,96,86,91,81,78,68,78,70,73,72,43,5,0,0,0,0,0,#DIV/0!,#DIV/0!
JATENG,BANYUMAS,86,86,91,84,90,86,90,89,96,91,93,95,45,87,91,92,90,#DIV/0!,76,64,69,68,54,60,48,46,50,49,42,41,36,32,22,22,10,0,0,0,0,0,0,#DIV/0!
JATENG,BATANG,91,93,89,90,89,92,88,87,71,91,89,90,#DIV/0!,89,89,87,89,#DIV/0!,87,89,88,86,82,69,68,59,82,55,62,45,51,36,34,26,3,0,0,0,0,0,#DIV/0!,#DIV/0!
JATENG,BLORA,88,92,82,86,87,79,75,77,78,86,89,93,#DIV/0!,92,93,96,95,#DIV/0!,92,90,90,82,84,81,91,87,79,81,91,73,79,63,57,29,2,0,0,0,0,0,0,#DIV/0!
JATENG,BOYOLALI,85,79,85,85,77,75,83,83,85,82,85,88,#DIV/0!,79,76,87,84,#DIV/0!,76,88,82,89,78,88,86,71,79,69,63,72,42,54,44,44,15,0,0,0,0,0,0,#DIV/0!
JATENG,BREBES,84,81,85,83,86,86,84,83,73,83,85,89,61,85,86,88,45,56,74,79,73,76,73,75,74,79,78,73,80,65,63,58,52,35,9,0,0,0,0,0,0,#DIV/0!
JATENG,CILACAP,76,78,75,74,78,81,81,88,92,88,90,75,38,68,77,78,82,#DIV/0!,86,83,84,85,88,79,85,80,74,64,68,65,66,58,49,27,2,1,0,0,0,0,0,#DIV/0!
JATENG,DEMAK,90,94,91,92,91,95,90,90,88,94,91,89,#DIV/0!,91,91,90,92,#DIV/0!,86,87,84,84,89,86,76,84,77,78,82,76,75,78,59,35,4,0,0,0,0,0,0,#DIV/0!
JATENG,GROBOGAN,#DIV/0!,62,68,58,78,60,77,78,82,84,78,56,#DIV/0!,70,53,68,72,#DIV/0!,75,82,90,82,79,91,75,84,82,71,79,77,49,37,52,44,21,0,0,0,0,0,#DIV/0!,#DIV/0!
JATENG,JEPARA,92,93,81,71,83,73,48,23,85,88,90,91,#DIV/0!,88,92,95,95,#DIV/0!,97,89,87,87,86,92,91,96,97,98,85,80,86,76,73,68,14,0,0,0,0,0,0,#DIV/0!
JATENG,KARANGANYAR,86,96,76,92,95,93,94,96,70,79,90,92,#DIV/0!,94,97,93,96,#DIV/0!,86,95,89,96,78,89,76,58,51,52,50,29,36,25,32,14,4,0,0,0,0,0,#DIV/0!,#DIV/0!
JATENG,KEBUMEN,79,78,74,74,79,75,71,69,93,92,92,92,#DIV/0!,92,91,94,97,#DIV/0!,92,93,90,88,79,88,88,81,81,73,73,79,43,36,34,28,11,0,0,0,0,0,#DIV/0!,#DIV/0!
JATENG,KENDAL,88,80,73,69,88,92,91,84,78,83,87,90,#DIV/0!,91,89,87,91,#DIV/0!,86,91,86,90,79,89,92,84,90,81,81,75,75,71,63,65,9,0,0,0,0,0,#DIV/0!,#DIV/0!
JATENG,KLATEN,78,76,82,79,75,79,81,83,89,77,74,83,#DIV/0!,82,72,63,67,#DIV/0!,97,93,90,81,85,87,84,85,82,84,82,74,76,70,69,46,13,0,0,0,0,0,#DIV/0!,#DIV/0!
JATENG,KOTA MAGELANG,83,69,81,80,72,76,70,75,64,63,67,76,#DIV/0!,73,77,69,77,#DIV/0!,74,68,83,84,87,79,82,70,53,78,66,55,61,72,52,20,2,0,0,0,0,0,#DIV/0!,#DIV/0!
JATENG,KOTA PEKALONGAN,90,90,87,90,89,92,92,90,70,93,92,95,#DIV/0!,88,90,91,89,#DIV/0!,94,94,91,92,88,89,88,82,80,72,70,64,57,31,51,26,10,0,0,0,0,0,#DIV/0!,#DIV/0!
JATENG,KOTA SALATIGA,81,85,87,89,70,75,87,95,89,93,55,74,#DIV/0!,98,99,94,97,#DIV/0!,96,100,91,87,100,88,95,91,68,43,3,7,21,13,7,8,0,0,0,0,0,0,#DIV/0!,#DIV/0!
JATENG,KOTA SEMARANG,84,84,85,82,83,85,84,82,86,82,73,69,#DIV/0!,8,51,45,28,#DIV/0!,78,79,80,78,68,74,76,71,70,64,64,56,63,53,42,38,7,0,0,0,0,0,0,#DIV/0!
JATENG,KOTA SURAKARTA,82,80,85,83,86,87,90,87,89,92,89,90,#DIV/0!,88,83,82,86,#DIV/0!,84,89,90,82,94,88,88,91,89,73,68,59,71,63,50,25,4,0,0,0,0,0,0,#DIV/0!
JATENG,KOTA TEGAL,77,76,73,80,82,83,84,87,72,76,81,82,#DIV/0!,82,84,83,86,#DIV/0!,77,83,80,72,77,71,67,76,65,71,67,73,65,67,69,67,23,0,0,1,0,0,0,#DIV/0!
JATENG,KUDUS,93,94,95,94,90,88,94,83,39,93,93,87,#DIV/0!,94,96,97,88,#DIV/0!,80,74,78,66,59,70,70,67,63,44,46,52,51,40,38,22,3,0,0,0,0,0,#DIV/0!,#DIV/0!
JATENG,MAGELANG,89,86,89,87,81,79,81,82,86,86,80,83,#DIV/0!,86,87,92,92,#DIV/0!,91,87,95,95,64,96,88,89,78,83,74,83,72,74,69,21,0,0,0,0,0,0,#DIV/0!,#DIV/0!
JATENG,PATI,77,81,73,79,92,91,88,88,84,86,84,84,#DIV/0!,90,85,86,89,#DIV/0!,88,87,87,80,81,83,83,74,68,54,52,50,51,42,38,28,4,0,0,0,0,0,0,#DIV/0!
JATENG,PEKALONGAN,91,75,95,84,58,63,69,65,99,98,96,97,#DIV/0!,98,97,97,96,#DIV/0!,78,90,90,95,83,92,95,90,89,88,90,88,66,54,55,19,3,0,0,0,0,0,#DIV/0!,#DIV/0!
JATENG,PEMALANG,81,77,85,65,77,92,86,70,81,73,53,35,#DIV/0!,90,90,85,73,#DIV/0!,89,93,94,82,87,87,74,76,70,53,53,48,33,18,21,17,0,0,0,0,0,0,0,#DIV/0!
JATENG,PURBALINGGA,79,82,85,82,92,89,89,86,80,73,88,82,#DIV/0!,88,88,87,89,#DIV/0!,78,81,84,77,87,74,81,67,71,63,63,52,35,28,17,15,3,0,0,0,0,0,#DIV/0!,#DIV/0!
JATENG,PURWOREJO,63,84,81,66,77,83,79,80,85,78,75,56,#DIV/0!,85,84,88,83,#DIV/0!,63,78,81,80,71,76,65,78,76,74,61,70,59,69,51,34,9,0,0,0,0,0,#DIV/0!,#DIV/0!
JATENG,REMBANG,88,87,83,88,87,89,92,88,87,93,84,90,#DIV/0!,88,93,91,92,#DIV/0!,92,90,88,90,85,86,76,83,82,70,55,68,77,62,52,31,8,0,0,0,0,0,0,#DIV/0!
JATENG,SEMARANG,93,89,88,90,96,95,95,68,93,90,94,94,#DIV/0!,93,89,93,91,#DIV/0!,93,89,92,90,91,84,76,77,80,52,60,44,57,28,37,13,3,0,0,0,0,0,0,#DIV/0!
JATENG,SRAGEN,92,93,93,91,87,95,88,84,95,93,89,90,#DIV/0!,91,93,92,95,#DIV/0!,84,77,82,97,75,81,88,75,91,80,74,62,13,26,24,16,3,0,0,0,0,0,#DIV/0!,#DIV/0!
JATENG,SUKOHARJO,86,85,85,94,93,91,87,88,69,95,92,91,#DIV/0!,94,90,92,89,#DIV/0!,98,91,92,91,85,85,82,84,87,86,81,62,58,35,53,28,7,0,0,0,0,0,#DIV/0!,#DIV/0!
JATENG,TEGAL,96,94,95,94,89,76,75,93,83,82,82,82,26,86,86,84,88,#DIV/0!,87,86,89,89,84,84,82,83,81,81,82,80,72,73,65,43,12,0,0,0,0,0,0,#DIV/0!
JATENG,TEMANGGUNG,83,91,81,86,96,96,91,92,94,88,88,88,#DIV/0!,89,83,93,85,#DIV/0!,75,63,78,65,71,68,76,68,61,63,54,50,47,38,16,15,2,0,0,0,0,0,#DIV/0!,#DIV/0!
JATENG,WONOGIRI,93,98,83,83,91,92,93,93,93,88,93,81,#DIV/0!,95,93,91,90,#DIV/0!,90,86,92,95,88,79,85,86,83,67,86,80,78,64,69,27,0,0,0,0,0,0,0,#DIV/0!
JATENG,WONOSOBO,16,75,14,0,89,90,93,34,91,87,89,90,#DIV/0!,97,79,83,80,#DIV/0!,89,86,87,94,89,76,76,83,82,81,73,59,63,61,65,40,12,1,0,0,0,0,0,#DIV/0!
DIY,BANTUL,81,74,78,77,76,76,82,85,83,76,83,80,#DIV/0!,81,76,86,89,#DIV/0!,88,93,91,58,74,64,78,84,90,74,74,69,37,56,49,25,15,0,0,0,0,0,#DIV/0!,#DIV/0!
DIY,GUNUNG KIDUL,89,86,93,87,86,86,88,92,94,92,84,86,#DIV/0!,93,93,89,93,#DIV/0!,74,72,67,64,42,53,48,42,38,47,36,17,34,22,20,11,6,0,0,0,0,0,#DIV/0!,#DIV/0!
DIY,KOTA YOGYAKARTA,85,85,85,85,75,88,88,86,84,85,87,83,#DIV/0!,83,84,84,82,#DIV/0!,86,83,87,80,78,74,82,88,89,73,59,49,46,48,42,25,3,0,0,0,0,0,#DIV/0!,#DIV/0!
DIY,KULON PROGO,84,90,78,88,89,87,81,83,83,79,78,84,#DIV/0!,79,84,90,91,#DIV/0!,81,86,75,87,69,88,90,94,81,64,68,67,21,33,44,11,6,0,0,0,0,0,#DIV/0!,#DIV/0!
DIY,SLEMAN,90,81,89,88,75,94,95,92,91,87,85,83,#DIV/0!,90,90,91,90,#DIV/0!,90,79,77,71,77,74,72,69,68,57,54,56,54,29,30,28,8,0,0,0,0,0,0,#DIV/0!
JATIM,BANGKALAN,91,93,95,97,94,95,95,89,92,88,89,89,39,87,98,91,95,#DIV/0!,88,85,84,75,79,72,74,71,63,57,56,50,56,63,54,26,0,0,0,0,0,0,0,#DIV/0!
JATIM,BANYUWANGI,92,91,92,92,94,92,93,92,93,94,92,90,16,81,82,88,90,69,87,87,88,88,84,87,87,84,84,73,69,67,74,60,49,44,16,0,0,0,0,0,0,#DIV/0!
JATIM,BLITAR,87,91,87,86,85,87,88,86,86,92,84,90,100,93,88,87,89,#DIV/0!,83,92,92,87,95,89,91,69,89,83,84,77,71,55,49,45,4,0,0,0,0,0,#DIV/0!,#DIV/0!
JATIM,BOJONEGORO,99,99,98,100,96,95,95,92,96,97,98,97,45,90,94,96,94,#DIV/0!,84,64,71,62,61,47,42,35,41,35,35,34,15,10,3,3,0,0,0,0,0,0,#DIV/0!,#DIV/0!
JATIM,BONDOWOSO,84,85,81,90,40,20,32,18,85,84,81,79,0,82,72,33,84,#DIV/0!,84,87,87,86,87,72,71,90,74,83,73,81,70,70,56,46,8,0,0,0,0,0,0,#DIV/0!
JATIM,GRESIK,92,93,96,93,92,92,90,92,93,97,95,93,100,94,92,89,92,#DIV/0!,91,92,92,93,88,91,95,92,89,94,90,79,84,81,73,66,26,1,0,0,0,0,0,#DIV/0!
JATIM,JEMBER,94,93,94,93,92,91,84,67,90,92,94,90,#DIV/0!,86,89,88,89,#DIV/0!,91,89,89,92,88,90,88,91,84,87,83,83,85,82,81,70,25,0,0,0,0,0,#DIV/0!,#DIV/0!
JATIM,JOMBANG,87,88,90,88,88,5,91,87,83,86,88,90,63,87,92,89,85,#DIV/0!,85,89,85,90,86,85,94,84,91,73,76,79,71,61,61,50,13,0,0,0,0,0,0,#DIV/0!
JATIM,KEDIRI,93,94,92,96,92,92,90,88,92,91,94,93,60,87,96,92,96,52,88,82,86,84,84,85,85,88,82,86,87,76,74,74,76,61,19,0,0,0,1,1,#DIV/0!,#DIV/0!
JATIM,KOTA BATU,81,85,84,82,85,76,73,83,79,85,81,58,71,76,84,66,73,#DIV/0!,44,71,68,78,71,67,47,50,46,62,33,67,50,80,20,0,0,0,0,0,0,0,#DIV/0!,#DIV/0!
JATIM,KOTA BLITAR,79,84,73,78,82,82,84,75,77,71,73,71,42,84,69,82,89,#DIV/0!,81,87,86,62,79,81,81,89,62,60,82,78,69,62,70,54,9,0,0,0,0,0,#DIV/0!,#DIV/0!
JATIM,KOTA KEDIRI,81,78,82,84,90,88,92,85,86,89,87,78,#DIV/0!,82,85,83,66,#DIV/0!,84,75,74,67,86,67,88,83,79,70,88,84,58,73,69,24,13,2,0,0,0,0,#DIV/0!,#DIV/0!
JATIM,KOTA MADIUN,94,90,88,88,93,91,92,92,92,94,92,94,100,94,95,95,91,#DIV/0!,94,92,96,87,77,86,88,89,90,79,93,80,67,63,44,50,26,0,0,0,0,0,0,#DIV/0!
JATIM,KOTA MALANG,82,86,82,86,87,88,86,86,90,85,83,80,100,82,87,86,85,#DIV/0!,82,79,77,79,81,80,85,63,51,58,68,70,61,52,52,30,7,0,0,0,0,0,0,#DIV/0!
JATIM,KOTA MOJOKERTO,93,91,76,73,87,91,92,91,85,93,93,87,59,90,90,80,96,#DIV/0!,95,97,96,93,83,96,87,80,87,95,97,89,85,80,86,67,11,0,0,0,0,0,0,#DIV/0!
JATIM,KOTA PASURUAN,79,83,82,88,80,89,76,88,91,90,87,90,#DIV/0!,87,92,90,90,#DIV/0!,89,93,92,97,87,80,88,72,59,45,53,28,25,35,26,11,9,0,0,0,0,0,0,#DIV/0!
JATIM,KOTA PROBOLINGGO,83,87,85,83,80,71,81,70,74,84,79,68,#DIV/0!,79,83,83,73,#DIV/0!,67,67,64,73,77,57,59,50,64,79,69,38,25,65,52,35,0,0,0,0,0,0,#DIV/0!,#DIV/0!
JATIM,KOTA SURABAYA,85,86,87,88,89,90,91,90,92,91,89,89,100,83,91,90,89,2,89,88,88,87,84,84,84,80,77,71,71,64,54,40,36,35,6,0,0,0,0,0,0,#DIV/0!
JATIM,LAMONGAN,94,95,94,93,93,96,98,99,96,96,94,94,100,96,96,94,95,#DIV/0!,90,92,90,88,87,96,94,87,90,88,87,87,85,73,63,50,7,0,0,0,0,0,0,#DIV/0!
JATIM,LUMAJANG,95,96,95,95,97,95,95,96,95,92,92,92,100,92,93,92,92,#DIV/0!,85,83,79,80,74,77,70,76,77,67,71,69,41,24,20,22,9,0,0,0,0,0,#DIV/0!,#DIV/0!
JATIM,MADIUN,92,96,97,96,98,90,99,100,98,97,95,96,39,89,93,86,93,#DIV/0!,88,89,85,81,83,89,83,78,72,78,75,58,38,61,55,49,22,0,0,0,0,0,#DIV/0!,#DIV/0!
JATIM,MAGETAN,96,95,95,91,95,93,96,94,96,98,94,95,34,98,96,94,97,#DIV/0!,89,88,89,86,88,93,82,65,76,66,62,57,30,75,36,15,3,0,0,0,0,0,#DIV/0!,#DIV/0!
JATIM,MALANG,89,87,85,89,88,86,84,89,91,90,88,89,16,87,85,85,81,#DIV/0!,89,89,87,86,89,90,94,95,86,89,83,85,75,69,69,63,23,0,0,0,0,0,0,#DIV/0!
JATIM,MOJOKERTO,95,96,97,99,28,35,7,67,97,93,97,92,100,95,97,93,76,#DIV/0!,87,79,79,83,80,72,65,66,71,65,73,61,48,42,44,40,18,0,0,0,0,0,0,#DIV/0!
JATIM,NGANJUK,97,95,94,96,98,95,96,94,95,94,95,96,100,86,90,89,49,#DIV/0!,95,90,96,92,90,88,88,95,75,93,91,95,48,32,36,21,9,0,0,0,0,0,0,#DIV/0!
JATIM,NGAWI,85,83,86,87,86,90,89,96,93,90,93,92,63,94,95,91,92,#DIV/0!,94,85,95,93,95,95,84,85,87,93,79,98,84,74,59,33,13,0,0,0,0,0,0,#DIV/0!
JATIM,PACITAN,86,70,84,72,68,58,18,25,90,91,76,83,13,88,82,82,81,#DIV/0!,72,76,63,78,81,91,72,64,86,87,67,74,53,56,55,33,33,0,0,0,0,0,0,#DIV/0!
JATIM,PAMEKASAN,98,97,96,95,88,89,88,87,87,90,88,93,100,90,94,89,90,#DIV/0!,77,68,65,66,65,75,59,69,65,64,68,56,50,36,32,11,4,0,0,0,0,0,0,#DIV/0!
JATIM,PASURUAN,93,92,91,92,92,91,88,69,92,92,91,90,26,83,87,84,87,#DIV/0!,88,88,86,83,83,68,72,78,76,66,72,67,64,47,39,21,7,0,0,0,0,0,0,#DIV/0!
JATIM,PONOROGO,90,86,92,92,88,86,90,88,83,82,84,88,#DIV/0!,82,86,86,88,#DIV/0!,80,75,61,47,55,58,52,52,58,46,45,27,47,26,16,23,8,0,0,0,0,0,0,#DIV/0!
JATIM,PROBOLINGGO,90,92,86,90,89,90,89,83,91,88,90,88,100,93,91,93,89,#DIV/0!,86,89,87,89,86,87,89,83,81,84,81,89,69,76,73,55,29,0,0,0,0,0,#DIV/0!,#DIV/0!
JATIM,SAMPANG,82,86,80,77,84,86,83,83,82,87,81,87,28,87,84,89,83,#DIV/0!,84,87,83,74,86,90,68,85,70,79,54,56,45,42,32,15,6,0,0,0,0,0,0,#DIV/0!
JATIM,SIDOARJO,88,89,88,88,85,89,88,89,90,90,88,89,41,74,89,90,90,0,92,90,91,88,87,86,90,84,84,42,30,33,26,18,11,17,2,0,0,0,0,0,#DIV/0!,#DIV/0!
JATIM,SITUBONDO,95,95,96,95,94,93,92,96,94,92,93,94,100,94,94,95,90,#DIV/0!,97,94,93,86,96,92,94,85,85,87,75,84,66,66,58,26,0,0,0,0,0,0,#DIV/0!,#DIV/0!
JATIM,SUMENEP,93,94,92,90,91,90,91,91,89,89,89,86,100,89,90,91,89,#DIV/0!,89,83,83,88,87,86,81,87,85,88,88,81,59,49,48,30,7,0,0,0,0,0,0,#DIV/0!
JATIM,TRENGGALEK,96,94,88,95,87,93,93,93,83,89,96,96,#DIV/0!,95,96,94,91,#DIV/0!,90,93,94,86,72,80,85,81,77,77,89,83,73,53,45,44,8,0,0,0,0,0,#DIV/0!,#DIV/0!
JATIM,TUBAN,86,95,92,95,88,92,92,91,89,89,89,80,#DIV/0!,91,92,93,93,#DIV/0!,67,76,73,75,70,82,74,72,70,71,66,71,66,50,42,28,11,0,0,0,0,0,0,#DIV/0!
JATIM,TULUNGAGUNG,92,88,80,89,81,82,80,85,86,86,90,89,40,88,89,88,89,#DIV/0!,78,91,81,81,78,77,83,74,77,76,77,82,81,79,60,36,9,0,0,0,0,0,0,#DIV/0!
KALBAR,BENGKAYANG,98,94,9,98,98,93,95,3,99,#DIV/0!,100,100,#DIV/0!,97,88,99,93,#DIV/0!,51,31,53,52,54,52,67,34,48,65,36,28,21,5,22,18,6,0,0,0,0,0,#DIV/0!,#DIV/0!
KALBAR,KAPUAS HULU,88,89,90,96,90,91,2,0,1,100,100,85,#DIV/0!,91,96,1,1,#DIV/0!,84,73,87,100,89,67,50,50,0,#DIV/0!,0,#DIV/0!,0,0,0,25,0,#DIV/0!,0,0,0,0,#DIV/0!,#DIV/0!
KALBAR,KAYONG UTARA,92,100,#DIV/0!,90,90,93,100,84,85,92,92,96,#DIV/0!,93,100,75,89,#DIV/0!,100,33,83,40,100,67,75,100,50,0,0,0,0,0,17,50,0,0,0,0,0,0,#DIV/0!,#DIV/0!
KALBAR,KETAPANG,100,100,97,96,91,90,69,76,82,71,82,81,#DIV/0!,85,84,87,88,#DIV/0!,47,43,53,55,25,40,43,26,30,19,30,26,18,31,26,11,8,0,0,0,0,0,0,#DIV/0!
KALBAR,KOTA PONTIANAK,93,98,93,91,85,84,85,84,89,95,92,92,#DIV/0!,90,94,95,95,#DIV/0!,73,74,73,67,63,64,73,63,81,67,71,63,55,41,27,20,4,0,0,0,0,0,0,#DIV/0!
KALBAR,KOTA SINGKAWANG,95,96,86,86,84,83,90,92,71,68,67,70,#DIV/0!,79,76,80,81,#DIV/0!,91,82,78,78,71,46,43,36,31,24,30,38,33,18,18,20,2,0,0,0,0,0,#DIV/0!,#DIV/0!
KALBAR,KUBU RAYA,78,69,63,86,94,97,92,99,99,98,100,98,#DIV/0!,3,44,0,0,#DIV/0!,87,90,87,73,97,88,92,89,81,79,97,58,54,62,31,51,12,0,0,0,0,0,#DIV/0!,#DIV/0!
KALBAR,LANDAK,76,29,0,0,0,#DIV/0!,#DIV/0!,#DIV/0!,74,62,85,95,#DIV/0!,55,57,30,5,#DIV/0!,81,74,68,52,67,59,40,46,44,45,26,38,36,52,42,36,6,0,0,0,0,0,0,#DIV/0!
KALBAR,MELAWI,78,93,63,15,52,54,10,0,51,55,5,0,#DIV/0!,1,0,0,2,#DIV/0!,77,90,77,67,59,47,42,71,35,28,25,58,30,62,59,36,0,0,0,0,0,0,0,#DIV/0!
KALBAR,MEMPAWAH,91,82,86,85,89,89,91,81,82,82,82,93,#DIV/0!,77,81,83,90,#DIV/0!,85,100,78,82,79,95,66,54,54,52,50,67,56,35,42,30,0,0,0,0,0,0,#DIV/0!,#DIV/0!
KALBAR,SAMBAS,100,99,97,0,99,99,100,99,96,95,96,96,#DIV/0!,97,97,98,97,#DIV/0!,94,84,90,52,59,51,43,29,24,37,18,16,19,18,14,5,4,0,0,0,0,0,#DIV/0!,#DIV/0!
KALBAR,SANGGAU,50,28,99,100,95,94,100,99,97,96,97,98,#DIV/0!,94,98,96,94,#DIV/0!,81,68,60,73,42,52,54,36,45,43,46,33,24,52,24,24,0,0,0,0,0,0,#DIV/0!,#DIV/0!
KALBAR,SEKADAU,95,91,98,0,99,98,98,99,96,99,100,100,#DIV/0!,74,0,1,1,#DIV/0!,68,73,60,83,100,71,83,55,56,8,33,0,71,46,31,11,0,0,#DIV/0!,0,0,0,#DIV/0!,#DIV/0!
KALBAR,SINTANG,100,100,0,42,10,#DIV/0!,#DIV/0!,97,95,100,99,99,#DIV/0!,79,77,0,0,#DIV/0!,78,86,83,69,60,75,61,81,64,46,69,44,65,23,52,40,30,6,0,0,0,0,#DIV/0!,#DIV/0!
KALTENG,BARITO SELATAN,98,90,0,61,96,93,89,100,91,98,100,100,#DIV/0!,97,96,98,100,#DIV/0!,87,100,95,100,100,88,100,100,67,83,90,67,23,0,0,17,18,0,0,0,0,0,#DIV/0!,#DIV/0!
KALTENG,BARITO TIMUR,63,74,82,63,92,83,77,72,88,90,74,83,#DIV/0!,81,92,85,87,#DIV/0!,73,50,82,83,100,100,100,67,75,71,100,100,29,29,20,0,0,0,0,0,0,0,#DIV/0!,#DIV/0!
KALTENG,BARITO UTARA,98,100,100,100,97,90,96,98,93,98,96,92,#DIV/0!,90,100,88,21,#DIV/0!,61,80,61,100,100,69,25,50,50,0,50,56,0,30,0,0,0,0,0,0,0,0,#DIV/0!,#DIV/0!
KALTENG,GUNUNG MAS,65,87,93,78,97,89,73,80,92,92,71,65,#DIV/0!,68,64,95,89,#DIV/0!,71,77,100,88,73,67,18,25,33,30,13,14,38,7,0,9,0,0,0,0,0,0,#DIV/0!,#DIV/0!
KALTENG,KAPUAS,73,77,77,91,85,86,86,84,82,82,81,79,#DIV/0!,83,87,73,82,#DIV/0!,95,81,92,79,85,53,60,85,70,84,80,78,63,33,35,36,0,0,0,0,0,0,0,#DIV/0!
KALTENG,KATINGAN,71,73,80,68,70,80,83,90,92,87,98,76,#DIV/0!,97,97,95,96,#DIV/0!,86,80,69,89,100,40,55,75,38,57,42,56,33,33,29,43,0,0,0,0,0,0,#DIV/0!,#DIV/0!
KALTENG,KOTA PALANGKA RAYA,84,80,77,80,80,87,82,66,70,78,75,79,#DIV/0!,84,75,74,83,#DIV/0!,74,78,82,72,71,50,78,67,58,63,73,63,61,50,39,25,11,4,0,0,0,0,#DIV/0!,#DIV/0!
KALTENG,KOTAWARINGIN BARAT,96,96,97,98,98,95,98,99,87,81,96,62,#DIV/0!,100,99,99,100,#DIV/0!,95,98,100,100,100,96,96,100,100,100,100,100,81,81,68,50,19,0,0,0,0,4,#DIV/0!,#DIV/0!
KALTENG,KOTAWARINGIN TIMUR,87,91,86,81,83,89,83,66,78,84,70,85,100,87,74,97,98,#DIV/0!,72,72,82,67,46,37,72,71,67,41,39,28,0,0,0,0,0,0,0,0,0,0,#DIV/0!,#DIV/0!
KALTENG,LAMANDAU,86,83,87,85,90,82,89,82,80,81,91,87,#DIV/0!,67,73,78,77,#DIV/0!,86,80,80,86,50,100,50,82,60,54,88,29,50,43,33,100,0,0,0,0,0,0,#DIV/0!,#DIV/0!
KALTENG,MURUNG RAYA,98,74,86,90,90,88,83,76,87,93,92,91,#DIV/0!,84,80,85,88,#DIV/0!,67,59,43,82,40,33,78,24,11,25,24,38,43,22,15,0,7,0,0,0,0,0,#DIV/0!,#DIV/0!
KALTENG,PULANG PISAU,83,100,93,95,62,79,100,85,97,63,84,90,#DIV/0!,83,70,94,81,#DIV/0!,67,63,60,50,50,100,60,80,29,75,50,0,33,33,0,0,0,0,0,0,#DIV/0!,0,#DIV/0!,#DIV/0!
KALTENG,SERUYAN,75,82,92,69,69,82,64,58,82,81,71,75,#DIV/0!,88,84,75,80,#DIV/0!,75,56,78,82,63,68,71,77,71,67,58,50,27,17,38,43,33,0,0,0,0,0,#DIV/0!,#DIV/0!
KALTENG,SUKAMARA,100,100,100,92,100,100,100,100,98,91,88,94,#DIV/0!,96,97,100,92,#DIV/0!,33,71,80,78,100,40,75,75,67,#DIV/0!,20,0,20,50,0,57,0,0,0,0,#DIV/0!,0,#DIV/0!,#DIV/0!
KALSEL,BALANGAN,92,91,96,88,91,98,94,97,95,91,89,85,#DIV/0!,77,97,92,98,#DIV/0!,46,25,22,38,60,38,0,100,100,#DIV/0!,100,100,0,0,0,0,0,0,0,0,0,0,#DIV/0!,#DIV/0!
KALSEL,BANJAR,89,92,92,93,95,95,91,95,85,90,89,77,73,51,50,53,65,0,86,86,91,91,82,83,84,92,79,87,79,74,46,46,39,26,14,0,0,0,0,0,0,#DIV/0!
KALSEL,BARITO KUALA,98,100,99,96,98,97,98,96,96,98,41,13,#DIV/0!,82,84,88,79,#DIV/0!,83,76,76,69,75,100,83,100,56,40,44,31,43,50,20,53,8,0,0,0,0,#DIV/0!,#DIV/0!,#DIV/0!
KALSEL,HULU SUNGAI SELATAN,97,89,92,95,89,91,94,87,97,86,100,100,0,97,97,96,95,#DIV/0!,65,68,52,69,50,75,58,29,42,70,58,64,52,44,40,53,10,0,0,0,0,0,#DIV/0!,#DIV/0!
KALSEL,HULU SUNGAI TENGAH,93,90,93,93,92,88,84,75,75,82,87,85,#DIV/0!,87,83,85,89,#DIV/0!,79,77,78,68,72,72,53,54,57,72,28,30,56,43,22,50,21,0,0,0,0,0,#DIV/0!,#DIV/0!
KALSEL,HULU SUNGAI UTARA,94,87,89,96,92,93,94,97,71,78,88,91,#DIV/0!,91,94,96,44,#DIV/0!,84,80,69,89,92,80,89,69,56,90,43,67,39,50,36,19,5,0,0,0,0,0,#DIV/0!,#DIV/0!
KALSEL,KOTA BANJAR BARU,93,95,89,93,96,94,93,84,90,88,81,89,#DIV/0!,87,71,89,71,#DIV/0!,78,84,94,88,77,85,93,94,95,59,61,47,62,38,44,56,12,0,0,0,0,0,#DIV/0!,#DIV/0!
KALSEL,KOTA BANJARMASIN,88,85,85,89,90,91,93,91,96,94,95,77,#DIV/0!,94,90,93,93,#DIV/0!,82,81,78,78,65,96,59,95,78,75,78,76,49,43,41,19,5,0,0,0,0,0,0,#DIV/0!
KALSEL,KOTABARU,97,93,94,94,94,96,97,93,86,92,93,0,#DIV/0!,77,72,81,77,#DIV/0!,78,59,67,68,58,67,40,28,54,22,27,17,13,20,28,9,0,0,0,0,0,0,#DIV/0!,#DIV/0!
KALSEL,TABALONG,86,89,93,94,97,79,94,93,87,89,89,96,100,97,96,94,93,#DIV/0!,97,90,94,69,82,82,100,71,86,100,68,44,75,58,69,83,0,0,0,0,0,0,#DIV/0!,#DIV/0!
KALSEL,TANAH BUMBU,89,76,84,78,90,86,96,84,89,96,89,92,#DIV/0!,78,59,76,92,#DIV/0!,57,62,63,56,60,36,70,45,36,42,50,0,24,33,20,11,6,0,0,0,0,0,0,#DIV/0!
KALSEL,TANAH LAUT,91,83,94,91,98,90,93,90,93,96,96,0,#DIV/0!,91,82,91,86,#DIV/0!,73,68,71,57,58,75,57,70,78,73,70,63,50,46,23,80,30,0,0,0,0,0,#DIV/0!,#DIV/0!
KALSEL,TAPIN,89,91,85,76,90,95,87,85,91,88,93,88,#DIV/0!,85,92,90,97,#DIV/0!,85,69,94,90,100,92,78,75,75,80,79,40,33,40,44,30,0,0,0,#DIV/0!,0,0,#DIV/0!,#DIV/0!
KALTIM,BERAU,81,78,84,88,84,90,80,80,95,95,96,98,#DIV/0!,87,81,85,77,#DIV/0!,88,82,83,67,65,88,71,82,46,58,53,38,63,50,54,33,19,0,0,0,0,0,0,#DIV/0!
KALTIM,KOTA BALIKPAPAN,94,93,96,94,90,93,89,85,95,93,91,93,#DIV/0!,95,93,94,89,#DIV/0!,92,93,90,91,88,87,53,61,58,44,44,40,26,22,8,14,3,0,0,0,0,0,0,#DIV/0!
KALTIM,KOTA BONTANG,90,92,89,93,92,95,94,96,95,95,90,96,#DIV/0!,95,89,97,82,#DIV/0!,82,72,74,81,70,74,77,79,85,71,70,67,39,34,26,26,3,2,0,0,0,0,#DIV/0!,#DIV/0!
KALTIM,KOTA SAMARINDA,90,83,88,93,91,97,95,90,95,96,96,95,#DIV/0!,93,85,86,89,#DIV/0!,74,74,75,72,72,74,62,66,58,59,59,61,64,55,47,33,7,0,0,0,0,0,0,#DIV/0!
KALTIM,KUTAI BARAT,92,98,100,80,97,92,96,87,92,92,94,97,#DIV/0!,93,99,99,97,#DIV/0!,94,86,76,75,100,93,73,100,88,86,88,25,33,32,21,13,5,0,0,0,0,0,#DIV/0!,#DIV/0!
KALTIM,KUTAI KARTANEGARA,87,88,85,89,94,94,92,90,93,91,90,89,#DIV/0!,91,95,93,94,#DIV/0!,69,70,60,55,59,61,53,63,53,57,59,52,49,33,38,23,7,0,0,0,0,0,0,#DIV/0!
KALTIM,KUTAI TIMUR,98,95,98,99,99,100,100,100,96,98,92,96,#DIV/0!,91,87,90,91,#DIV/0!,79,89,92,96,74,93,75,77,72,73,67,72,58,45,33,16,39,0,0,0,0,0,0,#DIV/0!
KALTIM,MAHAKAM HULU,86,73,100,100,90,100,100,94,80,100,67,0,#DIV/0!,78,91,92,87,#DIV/0!,100,100,100,100,100,100,100,100,100,80,100,100,100,#DIV/0!,#DIV/0!,100,0,0,#DIV/0!,#DIV/0!,0,#DIV/0!,#DIV/0!,#DIV/0!
KALTIM,PASER,90,93,96,100,86,97,92,93,98,94,92,96,#DIV/0!,91,92,84,80,#DIV/0!,52,69,71,66,44,59,73,65,64,56,68,70,38,40,36,21,0,0,0,0,0,0,#DIV/0!,#DIV/0!
KALTIM,PENAJAM PASER UTARA,100,94,100,100,95,98,98,100,92,100,96,96,#DIV/0!,90,91,95,89,#DIV/0!,67,46,56,63,50,53,70,80,43,80,60,38,54,57,38,14,0,0,0,0,#DIV/0!,#DIV/0!,#DIV/0!,#DIV/0!
KALTARA,BULUNGAN,62,68,86,74,68,66,0,77,71,55,72,75,#DIV/0!,24,0,0,0,#DIV/0!,50,52,52,54,40,50,43,71,50,70,60,20,43,17,0,18,0,0,0,0,0,0,#DIV/0!,#DIV/0!
KALTARA,KOTA TARAKAN,68,69,63,62,69,51,70,70,83,91,87,85,#DIV/0!,82,80,84,74,#DIV/0!,72,76,85,81,72,78,73,61,61,46,57,50,61,42,43,33,3,0,0,0,0,0,#DIV/0!,#DIV/0!
KALTARA,MALINAU,95,100,98,99,18,22,0,0,53,37,52,45,#DIV/0!,45,37,45,34,#DIV/0!,44,40,40,46,56,29,38,50,23,38,41,63,42,29,33,0,11,0,0,0,0,0,#DIV/0!,#DIV/0!
KALTARA,NUNUKAN,71,79,66,80,69,70,85,87,91,89,83,85,#DIV/0!,94,95,85,88,#DIV/0!,90,93,63,73,67,83,70,65,67,54,54,69,13,33,18,14,0,0,0,0,0,0,#DIV/0!,#DIV/0!
KALTARA,TANA TIDUNG,#DIV/0!,100,100,100,100,60,88,100,100,100,100,0,#DIV/0!,33,33,0,0,#DIV/0!,100,67,50,83,#DIV/0!,#DIV/0!,50,100,#DIV/0!,100,50,#DIV/0!,0,67,100,#DIV/0!,0,#DIV/0!,#DIV/0!,#DIV/0!,#DIV/0!,#DIV/0!,#DIV/0!,#DIV/0!
SULUT,BOLAANG MONGONDOW,93,90,92,92,87,93,92,97,94,93,95,96,#DIV/0!,93,93,96,93,#DIV/0!,88,73,78,73,61,78,69,83,72,69,75,55,42,30,41,32,16,0,0,0,0,0,#DIV/0!,#DIV/0!
SULUT,BOLAANG MONGONDOW SELATAN,95,92,97,100,100,91,100,100,98,100,98,98,100,98,98,92,95,#DIV/0!,100,90,93,56,67,33,56,42,93,100,100,100,67,0,18,33,6,0,0,0,0,0,#DIV/0!,#DIV/0!
SULUT,BOLAANG MONGONDOW TIMUR,95,94,100,89,42,95,97,96,85,94,98,85,#DIV/0!,96,92,91,98,#DIV/0!,71,80,100,100,50,75,57,83,38,57,38,38,62,47,69,17,17,0,0,0,0,0,#DIV/0!,#DIV/0!
SULUT,BOLAANG MONGONDOW UTARA,97,92,95,93,94,88,98,100,98,0,100,93,#DIV/0!,98,100,94,100,#DIV/0!,95,91,93,100,100,75,83,83,91,86,100,86,40,33,18,0,0,0,0,0,0,0,#DIV/0!,#DIV/0!
SULUT,KEPULAUAN SANGIHE,82,93,98,99,50,44,58,39,89,95,91,95,#DIV/0!,56,79,94,98,#DIV/0!,33,41,70,67,87,50,63,33,0,0,0,#DIV/0!,0,#DIV/0!,0,0,0,0,0,#DIV/0!,#DIV/0!,0,#DIV/0!,#DIV/0!
SULUT,KEPULAUAN TALAUD,82,100,100,92,100,100,100,100,93,100,100,100,94,97,100,100,98,#DIV/0!,95,90,81,87,73,17,26,19,18,11,19,20,43,20,31,7,0,0,0,0,0,0,#DIV/0!,#DIV/0!
SULUT,KOTA BITUNG,89,89,91,90,82,88,85,81,88,92,89,86,#DIV/0!,87,85,84,86,#DIV/0!,88,94,92,77,90,83,80,91,94,87,85,92,76,59,43,11,5,0,0,0,0,0,#DIV/0!,#DIV/0!
SULUT,KOTA KOTAMOBAGU,98,96,100,94,87,96,92,82,98,95,95,99,#DIV/0!,88,91,94,95,#DIV/0!,96,91,94,83,100,77,0,0,0,0,0,0,0,0,0,0,0,0,0,0,0,0,#DIV/0!,#DIV/0!
SULUT,KOTA MANADO,77,65,63,59,67,72,56,56,68,63,69,69,#DIV/0!,71,72,73,78,#DIV/0!,95,95,87,68,53,68,51,23,15,22,17,6,10,10,8,11,0,0,0,0,0,0,0,#DIV/0!
SULUT,KOTA TOMOHON,93,92,93,100,87,81,83,80,79,89,96,92,#DIV/0!,80,71,84,98,#DIV/0!,93,86,63,64,78,63,81,42,39,29,53,25,12,25,11,4,8,0,0,0,0,0,#DIV/0!,#DIV/0!
SULUT,MINAHASA,95,97,97,97,95,97,95,63,93,80,99,94,#DIV/0!,86,91,98,98,#DIV/0!,81,80,85,92,96,88,93,93,76,69,85,77,41,44,48,22,2,0,0,0,0,0,#DIV/0!,#DIV/0!
SULUT,MINAHASA SELATAN,96,97,95,96,77,91,93,93,84,97,86,96,100,99,95,69,98,#DIV/0!,56,47,31,21,23,0,59,47,44,20,20,40,50,37,35,45,17,0,0,0,0,0,#DIV/0!,#DIV/0!
SULUT,MINAHASA TENGGARA,79,84,68,92,87,85,79,68,95,90,86,83,#DIV/0!,71,82,89,83,#DIV/0!,91,89,71,92,73,100,78,82,93,67,87,80,45,33,29,24,0,0,0,0,0,0,#DIV/0!,#DIV/0!
SULUT,MINAHASA UTARA,100,100,100,96,94,100,80,59,98,100,100,57,#DIV/0!,95,98,99,99,#DIV/0!,89,84,91,84,93,84,93,85,46,34,20,13,19,7,0,3,0,0,0,0,0,0,#DIV/0!,#DIV/0!
SULUT,KEP. SIAU TAGULANDANG BIARO,95,86,91,78,77,91,94,95,98,93,91,89,#DIV/0!,91,93,90,80,#DIV/0!,73,36,78,38,25,67,83,31,27,63,100,50,0,0,4,0,0,0,0,#DIV/0!,#DIV/0!,#DIV/0!,0,#DIV/0!
GORONTALO,BOALEMO,98,96,98,100,100,100,85,100,78,91,42,77,#DIV/0!,24,30,36,37,#DIV/0!,71,84,82,70,93,71,76,77,88,91,86,76,67,61,41,25,21,0,0,0,0,0,#DIV/0!,#DIV/0!
GORONTALO,BONE BOLANGO,95,96,100,98,100,98,93,85,98,99,99,98,#DIV/0!,91,96,96,100,#DIV/0!,87,87,83,84,68,80,73,74,90,69,82,70,55,72,61,58,10,0,0,0,0,0,#DIV/0!,#DIV/0!
GORONTALO,GORONTALO,98,96,96,99,97,95,95,0,99,100,98,99,100,99,100,96,99,#DIV/0!,78,68,63,73,58,50,53,58,48,70,62,57,51,40,29,20,8,0,0,0,0,0,#DIV/0!,#DIV/0!
GORONTALO,GORONTALO UTARA,91,78,100,92,84,98,100,100,81,86,89,78,#DIV/0!,83,84,58,67,#DIV/0!,87,91,88,73,82,75,76,73,37,35,54,48,45,35,33,20,24,0,0,0,0,0,#DIV/0!,#DIV/0!
GORONTALO,KOTA GORONTALO,98,97,99,100,99,100,100,0,100,100,63,0,#DIV/0!,97,95,96,98,#DIV/0!,67,67,75,70,74,56,46,31,26,24,37,39,34,3,9,3,0,0,0,0,0,0,#DIV/0!,#DIV/0!
GORONTALO,POHUWATO,100,100,100,100,100,90,89,100,88,100,83,82,#DIV/0!,100,100,73,17,#DIV/0!,13,3,15,0,0,0,0,13,4,8,5,10,10,8,4,0,0,0,0,0,0,0,#DIV/0!,#DIV/0!
SULTENG,BANGGAI,97,90,0,0,93,88,89,92,78,81,81,90,#DIV/0!,96,90,94,93,#DIV/0!,84,84,90,83,80,78,77,71,52,70,73,71,69,47,57,78,19,0,0,0,0,0,0,#DIV/0!
SULTENG,BANGGAI KEPULAUAN,92,100,0,0,94,91,96,98,94,88,88,86,#DIV/0!,91,88,98,76,#DIV/0!,59,52,50,21,43,20,42,22,29,27,67,0,9,18,11,0,0,0,0,#DIV/0!,0,0,#DIV/0!,#DIV/0!
SULTENG,BANGGAI LAUT,#DIV/0!,#DIV/0!,#DIV/0!,#DIV/0!,77,83,91,86,99,98,83,97,#DIV/0!,96,96,96,89,#DIV/0!,92,94,81,83,80,89,88,80,100,100,100,75,83,50,69,82,40,0,0,0,0,0,#DIV/0!,#DIV/0!
SULTENG,BUOL,100,95,78,94,100,80,69,60,95,98,96,95,#DIV/0!,94,95,95,96,#DIV/0!,94,84,92,100,100,86,91,100,83,89,100,100,74,56,75,40,23,0,8,0,0,0,#DIV/0!,#DIV/0!
SULTENG,DONGGALA,97,89,91,84,93,92,93,88,77,85,96,90,#DIV/0!,89,96,96,94,#DIV/0!,90,88,94,78,93,97,97,95,93,94,94,91,88,63,81,65,21,0,0,0,0,0,#DIV/0!,#DIV/0!
SULTENG,KOTA PALU,67,85,98,97,94,97,97,96,72,76,71,64,#DIV/0!,97,97,98,100,#DIV/0!,82,85,87,86,100,95,86,61,55,51,57,47,49,55,46,41,2,0,0,0,0,0,0,#DIV/0!
SULTENG,MOROWALI,100,98,100,100,98,100,98,98,99,100,99,99,#DIV/0!,95,100,98,93,#DIV/0!,95,93,89,81,100,93,93,91,80,79,100,92,59,45,46,30,0,0,0,0,0,0,#DIV/0!,#DIV/0!
SULTENG,MOROWALI UTARA,100,93,90,100,91,83,81,77,89,81,91,96,#DIV/0!,97,100,100,100,#DIV/0!,100,100,100,100,100,86,86,100,69,67,61,36,75,60,36,46,0,0,0,0,0,0,#DIV/0!,#DIV/0!
SULTENG,PARIGI MOUTONG,88,71,77,66,60,73,70,61,96,93,81,92,#DIV/0!,84,91,86,60,#DIV/0!,70,73,64,63,79,72,78,46,78,61,64,55,50,69,50,40,8,0,0,0,0,0,#DIV/0!,#DIV/0!
SULTENG,POSO,70,81,82,81,98,93,94,87,89,85,89,93,#DIV/0!,91,92,91,98,#DIV/0!,82,81,80,82,64,71,63,73,65,85,86,86,50,78,64,55,0,0,0,0,0,0,0,#DIV/0!
SULTENG,SIGI,95,98,97,98,92,96,90,92,94,94,88,94,100,90,93,97,92,#DIV/0!,87,83,79,79,100,85,88,90,69,78,83,100,85,62,72,86,0,0,0,0,0,0,0,#DIV/0!
SULTENG,TOJO UNA-UNA,100,100,99,98,100,100,100,99,98,99,100,99,#DIV/0!,97,98,97,99,#DIV/0!,100,92,88,100,100,89,100,93,100,100,100,92,73,82,80,50,29,0,0,0,0,0,0,#DIV/0!
SULTENG,TOLI-TOLI,97,95,92,96,97,95,98,97,84,84,80,83,#DIV/0!,98,96,98,97,#DIV/0!,97,94,94,96,100,96,100,100,96,94,91,80,100,83,54,59,16,0,0,0,0,0,0,#DIV/0!
SULSEL,BANTAENG,94,96,89,98,98,97,90,94,59,64,77,92,#DIV/0!,85,92,90,95,#DIV/0!,64,77,76,77,89,76,62,65,43,48,32,38,44,7,36,17,0,0,0,0,0,0,#DIV/0!,#DIV/0!
SULSEL,BARRU,100,93,95,100,100,98,100,100,94,100,100,93,#DIV/0!,100,99,98,99,#DIV/0!,88,88,65,79,75,77,93,100,87,70,85,83,91,64,83,71,16,0,0,0,0,0,#DIV/0!,#DIV/0!
SULSEL,BONE,91,87,86,83,91,87,78,95,95,92,75,93,0,96,95,95,95,#DIV/0!,87,83,75,78,83,74,75,71,80,79,74,83,91,73,86,79,29,0,0,0,0,0,0,#DIV/0!
SULSEL,BULUKUMBA,83,87,87,93,82,89,89,89,91,92,89,91,#DIV/0!,92,89,93,90,#DIV/0!,92,88,90,90,88,71,89,82,88,88,81,80,67,75,72,56,3,0,0,0,0,0,#DIV/0!,#DIV/0!
SULSEL,ENREKANG,80,94,83,96,88,94,97,98,58,62,86,95,#DIV/0!,83,99,98,91,#DIV/0!,79,55,65,86,25,33,78,67,40,53,29,47,33,0,0,5,0,0,0,0,0,0,#DIV/0!,#DIV/0!
SULSEL,GOWA,90,92,94,97,96,98,99,94,88,88,92,99,#DIV/0!,95,97,94,98,#DIV/0!,91,90,90,80,85,88,89,89,85,92,86,91,83,82,84,67,24,0,0,0,0,0,0,#DIV/0!
SULSEL,JENEPONTO,72,80,78,93,95,88,87,92,93,94,92,92,#DIV/0!,95,96,95,99,#DIV/0!,98,87,88,97,84,88,90,82,89,80,95,92,100,95,62,32,3,0,0,0,0,0,0,#DIV/0!
SULSEL,KEPULAUAN SELAYAR,76,79,79,78,74,83,93,93,86,92,91,84,#DIV/0!,92,91,79,84,#DIV/0!,53,48,59,30,50,50,100,22,61,46,50,57,78,38,31,19,0,0,0,0,0,0,#DIV/0!,#DIV/0!
SULSEL,KOTA MAKASSAR,84,86,90,88,85,84,86,82,88,88,87,88,27,71,82,77,77,18,85,87,85,86,84,84,85,82,82,76,75,74,68,65,52,30,2,0,0,0,0,0,0,#DIV/0!
SULSEL,KOTA PALOPO,88,95,91,97,89,91,93,92,92,93,96,91,#DIV/0!,91,87,90,95,#DIV/0!,95,89,93,88,100,88,94,78,86,76,41,57,69,71,50,32,6,0,0,0,0,0,#DIV/0!,#DIV/0!
SULSEL,KOTA PAREPARE,86,84,85,78,87,89,86,83,33,43,87,95,#DIV/0!,85,87,90,90,#DIV/0!,95,94,90,72,100,85,91,100,80,91,91,86,84,73,82,37,27,0,0,0,0,0,#DIV/0!,#DIV/0!
SULSEL,LUWU,88,#DIV/0!,92,5,98,95,92,95,95,88,97,90,#DIV/0!,93,87,94,100,#DIV/0!,98,93,91,80,88,93,91,86,89,89,90,92,76,81,65,70,14,0,0,0,0,0,#DIV/0!,#DIV/0!
SULSEL,LUWU TIMUR,90,94,97,#DIV/0!,96,98,95,98,99,97,96,97,#DIV/0!,97,99,94,100,#DIV/0!,80,86,80,71,67,50,71,59,68,76,70,79,72,67,47,48,11,0,0,0,0,0,#DIV/0!,#DIV/0!
SULSEL,LUWU UTARA,85,93,97,98,95,93,93,92,94,96,98,96,#DIV/0!,100,96,100,96,#DIV/0!,71,67,63,68,77,61,70,61,53,68,68,75,50,53,60,52,11,0,0,0,0,0,0,#DIV/0!
SULSEL,MAROS,90,85,78,66,82,94,89,83,87,81,80,81,#DIV/0!,82,87,88,83,#DIV/0!,87,83,90,84,91,73,90,100,85,77,65,88,82,70,52,33,2,0,0,0,0,0,#DIV/0!,#DIV/0!
SULSEL,PANGKAJENE DAN KEPULAUAN,94,86,85,89,86,85,83,88,82,79,79,86,100,87,92,86,89,#DIV/0!,95,87,89,93,88,85,80,81,86,85,74,88,84,82,69,43,13,0,0,0,0,0,#DIV/0!,#DIV/0!
SULSEL,PINRANG,90,94,88,90,89,92,89,93,56,61,82,84,#DIV/0!,86,93,90,93,#DIV/0!,91,80,90,95,75,96,96,89,91,88,91,90,97,94,95,71,34,0,0,0,0,0,#DIV/0!,#DIV/0!
SULSEL,SIDENRENG RAPPANG,88,88,86,93,58,53,56,67,66,65,86,83,100,91,94,81,84,#DIV/0!,90,57,72,78,47,75,72,79,83,71,83,72,87,41,56,19,16,0,0,0,0,0,0,#DIV/0!
SULSEL,SINJAI,76,86,77,77,78,85,84,77,79,77,70,72,#DIV/0!,82,76,73,78,#DIV/0!,75,88,81,82,77,84,81,84,72,78,83,81,64,86,64,32,0,0,0,0,0,0,#DIV/0!,#DIV/0!
SULSEL,SOPPENG,21,16,94,11,92,90,94,88,96,99,98,98,#DIV/0!,93,95,97,99,#DIV/0!,47,57,46,50,31,26,36,67,22,83,53,56,43,50,24,12,0,0,0,0,0,0,#DIV/0!,#DIV/0!
SULSEL,TAKALAR,91,92,94,94,94,98,98,90,97,93,96,94,100,93,92,90,95,#DIV/0!,83,82,86,90,80,76,94,65,72,82,94,83,56,63,40,27,10,0,0,0,0,0,#DIV/0!,#DIV/0!
SULSEL,TANA TORAJA,84,81,86,94,98,92,99,100,98,98,90,88,#DIV/0!,90,100,96,100,#DIV/0!,79,85,77,100,100,60,67,58,63,64,50,67,80,40,55,42,0,0,0,#DIV/0!,0,0,#DIV/0!,#DIV/0!
SULSEL,TORAJA UTARA,0,90,0,100,11,0,0,8,57,63,93,0,#DIV/0!,90,97,98,97,#DIV/0!,50,62,61,75,70,91,80,70,38,26,31,22,58,50,35,50,9,0,0,0,0,0,#DIV/0!,#DIV/0!
SULSEL,WAJO,89,88,87,89,91,88,89,85,89,90,84,86,#DIV/0!,82,89,89,88,#DIV/0!,88,92,93,79,95,87,91,81,89,76,84,86,62,51,45,24,3,0,0,0,0,0,#DIV/0!,#DIV/0!
SULBAR,MAJENE,78,82,87,76,86,88,89,88,95,93,91,93,100,91,77,90,91,#DIV/0!,72,73,72,81,68,80,84,78,54,79,83,90,71,41,42,29,11,0,0,0,0,0,#DIV/0!,#DIV/0!
SULBAR,MAMASA,100,100,100,100,95,96,84,100,92,100,85,96,#DIV/0!,90,95,98,97,#DIV/0!,86,100,75,75,50,75,25,42,50,30,56,75,38,0,0,20,0,0,0,0,0,0,#DIV/0!,#DIV/0!
SULBAR,MAMUJU,95,97,89,91,84,90,95,96,93,94,90,95,#DIV/0!,92,95,94,96,#DIV/0!,79,87,89,78,95,83,91,92,91,82,84,79,93,69,61,33,2,0,0,0,0,0,#DIV/0!,#DIV/0!
SULBAR,MAMUJU TENGAH,73,0,61,71,79,81,98,90,83,95,91,90,#DIV/0!,93,94,94,93,#DIV/0!,68,71,71,88,57,64,63,63,72,67,44,73,70,50,73,68,20,0,0,0,0,0,#DIV/0!,#DIV/0!
SULBAR,PASANGKAYU,90,82,94,100,98,88,80,93,86,88,73,79,#DIV/0!,90,93,90,86,#DIV/0!,94,89,100,83,89,85,80,70,73,60,54,83,44,78,47,17,0,0,0,0,0,0,#DIV/0!,#DIV/0!
SULBAR,POLEWALI MANDAR,92,92,97,91,94,87,90,78,91,91,90,98,#DIV/0!,97,95,97,98,#DIV/0!,93,88,95,91,100,88,95,87,84,88,84,86,74,84,81,62,16,1,2,0,2,0,#DIV/0!,#DIV/0!
SULTRA,BOMBANA,84,79,91,87,5,78,85,92,91,83,91,77,#DIV/0!,83,94,93,86,#DIV/0!,71,62,62,86,79,61,62,58,50,82,100,78,70,50,53,50,25,0,0,0,0,0,#DIV/0!,#DIV/0!
SULTRA,BUTON,49,69,88,82,95,92,93,95,97,94,90,97,#DIV/0!,93,93,100,96,#DIV/0!,100,71,80,100,44,85,83,40,64,64,56,40,57,50,50,20,0,0,0,0,0,#DIV/0!,#DIV/0!,#DIV/0!
SULTRA,BUTON SELATAN,88,88,88,65,52,38,0,25,59,52,29,0,#DIV/0!,0,0,5,0,#DIV/0!,100,100,100,100,83,83,91,100,100,86,80,75,100,75,100,33,0,0,0,0,0,#DIV/0!,#DIV/0!,#DIV/0!
SULTRA,BUTON TENGAH,90,96,93,100,96,89,93,91,98,90,93,85,#DIV/0!,84,89,92,86,#DIV/0!,96,100,100,86,82,86,92,90,100,90,100,79,44,54,72,29,0,0,0,0,0,0,#DIV/0!,#DIV/0!
SULTRA,BUTON UTARA,100,91,0,25,100,100,100,0,100,100,100,95,#DIV/0!,94,96,100,100,#DIV/0!,86,60,50,#DIV/0!,0,100,75,50,0,100,0,50,0,0,0,0,#DIV/0!,0,0,0,#DIV/0!,0,#DIV/0!,#DIV/0!
SULTRA,KOLAKA,94,87,91,86,91,91,91,86,86,89,86,88,#DIV/0!,89,89,87,88,#DIV/0!,34,27,13,4,0,0,0,8,10,4,5,15,22,6,23,42,13,0,0,0,0,0,#DIV/0!,#DIV/0!
SULTRA,KOLAKA TIMUR,100,100,75,42,70,67,71,89,86,68,79,97,#DIV/0!,98,86,89,89,#DIV/0!,50,60,26,50,43,60,20,0,17,20,11,0,0,14,50,0,0,0,0,0,0,#DIV/0!,#DIV/0!,#DIV/0!
SULTRA,KOLAKA UTARA,95,2,0,2,92,100,90,93,84,94,93,95,#DIV/0!,94,92,96,84,#DIV/0!,93,100,83,78,86,75,83,62,77,83,80,88,83,71,50,55,23,0,0,0,0,0,#DIV/0!,#DIV/0!
SULTRA,KONAWE,94,89,89,85,99,94,93,98,98,99,1,0,#DIV/0!,96,97,96,92,#DIV/0!,44,32,42,43,43,75,27,28,18,55,42,50,29,43,30,29,29,0,67,0,0,0,0,#DIV/0!
SULTRA,KONAWE KEPULAUAN,78,100,86,100,0,0,0,25,47,8,31,0,#DIV/0!,33,18,0,0,#DIV/0!,83,50,63,83,50,100,50,55,11,0,75,57,22,80,25,0,#DIV/0!,0,0,0,0,#DIV/0!,#DIV/0!,#DIV/0!
SULTRA,KONAWE SELATAN,90,99,100,3,0,32,0,0,95,76,70,82,#DIV/0!,85,91,94,84,#DIV/0!,71,50,50,38,44,44,19,9,19,45,43,14,19,36,45,27,0,0,0,0,0,0,#DIV/0!,#DIV/0!
SULTRA,KONAWE UTARA,100,100,100,100,72,81,78,0,73,61,55,89,#DIV/0!,83,84,97,88,#DIV/0!,67,67,75,47,38,100,44,56,70,100,67,100,64,30,50,0,0,0,0,0,0,0,#DIV/0!,#DIV/0!
SULTRA,KOTA BAUBAU,95,95,0,7,78,92,43,#DIV/0!,90,43,83,78,#DIV/0!,89,91,74,95,#DIV/0!,86,84,85,74,100,81,87,92,50,63,76,36,37,53,54,32,12,0,0,0,0,0,0,#DIV/0!
SULTRA,KOTA KENDARI,93,97,93,95,92,96,97,94,74,96,91,91,#DIV/0!,85,95,94,95,#DIV/0!,95,95,88,91,93,90,94,83,100,97,94,91,83,80,61,52,20,0,0,0,0,0,0,#DIV/0!
SULTRA,MUNA,96,#DIV/0!,94,0,97,100,98,97,98,99,98,99,#DIV/0!,100,99,98,96,#DIV/0!,96,97,100,95,94,96,91,95,92,89,86,100,93,83,91,67,25,0,0,0,0,0,#DIV/0!,#DIV/0!
SULTRA,MUNA BARAT,0,0,0,0,100,100,100,#DIV/0!,93,100,0,0,#DIV/0!,22,0,3,0,#DIV/0!,76,100,80,75,0,80,88,60,78,40,67,50,20,44,22,45,25,0,0,0,0,0,#DIV/0!,#DIV/0!
SULTRA,WAKATOBI,50,89,5,0,100,94,100,100,94,100,100,92,#DIV/0!,95,97,100,97,#DIV/0!,38,44,29,20,0,40,50,#DIV/0!,#DIV/0!,100,100,#DIV/0!,0,0,0,0,0,0,0,#DIV/0!,#DIV/0!,#DIV/0!,#DIV/0!,#DIV/0!
BALI,BADUNG,92,96,100,96,91,91,89,89,92,97,#DIV/0!,88,#DIV/0!,90,94,94,93,#DIV/0!,92,94,88,84,80,85,58,65,72,57,56,67,54,36,53,34,13,0,0,0,0,0,#DIV/0!,#DIV/0!
BALI,BANGLI,84,89,82,76,100,100,100,88,100,100,100,100,#DIV/0!,89,86,92,0,#DIV/0!,67,60,0,33,100,0,#DIV/0!,67,67,100,#DIV/0!,50,75,50,0,0,0,0,0,0,0,0,#DIV/0!,#DIV/0!
BALI,BULELENG,84,80,79,84,90,83,82,83,78,78,79,85,100,84,85,82,85,0,71,78,75,59,70,70,75,78,64,55,45,38,53,43,35,29,7,0,0,0,0,0,#DIV/0!,#DIV/0!
BALI,GIANYAR,93,93,90,82,91,88,83,84,89,91,94,95,71,89,98,96,91,#DIV/0!,88,75,79,77,71,73,75,65,75,83,73,65,74,89,88,46,19,5,0,0,0,0,#DIV/0!,#DIV/0!
BALI,JEMBRANA,88,89,89,91,87,88,98,96,89,92,91,88,#DIV/0!,93,94,96,98,#DIV/0!,75,73,85,100,92,77,83,62,71,82,83,60,43,85,45,8,16,0,0,0,0,0,#DIV/0!,#DIV/0!
BALI,KARANGASEM,88,90,91,89,88,94,91,85,86,94,92,85,#DIV/0!,87,85,80,83,#DIV/0!,95,68,85,59,70,39,43,57,70,62,64,58,60,75,66,33,8,0,0,0,0,0,#DIV/0!,#DIV/0!
BALI,KLUNGKUNG,89,94,93,90,97,100,95,96,95,86,94,92,#DIV/0!,88,92,97,97,#DIV/0!,79,75,83,43,86,78,80,60,50,50,67,80,86,58,82,43,20,0,0,0,0,0,0,#DIV/0!
BALI,KOTA DENPASAR,87,89,89,90,93,92,91,86,83,93,91,93,#DIV/0!,90,91,90,90,#DIV/0!,68,84,82,80,81,82,72,73,75,66,55,49,38,52,45,35,9,1,0,0,0,0,0,#DIV/0!
BALI,TABANAN,82,90,85,81,88,83,87,84,92,95,89,89,100,90,91,93,90,#DIV/0!,91,75,84,27,64,61,64,58,40,83,50,36,29,30,28,36,18,0,0,0,0,0,#DIV/0!,#DIV/0!
NTB,BIMA,92,95,94,93,84,52,92,62,93,92,95,91,#DIV/0!,95,99,2,97,#DIV/0!,45,32,33,25,36,27,19,9,19,20,24,11,24,24,15,23,3,0,0,0,0,0,#DIV/0!,#DIV/0!
NTB,DOMPU,95,#DIV/0!,#DIV/0!,90,75,87,76,72,91,94,94,89,#DIV/0!,96,96,95,4,#DIV/0!,96,91,100,100,87,100,94,96,97,89,79,50,63,92,48,52,20,0,0,0,0,0,#DIV/0!,#DIV/0!
NTB,KOTA BIMA,90,100,96,100,84,79,85,88,83,100,98,93,54,86,99,87,95,#DIV/0!,100,100,100,100,100,100,100,86,100,90,86,71,100,71,5,0,0,0,0,0,0,0,#DIV/0!,#DIV/0!
NTB,KOTA MATARAM,87,97,95,96,84,78,88,91,98,91,97,92,#DIV/0!,92,93,93,97,#DIV/0!,86,81,86,74,78,87,46,19,50,35,23,22,23,19,13,13,5,0,0,0,0,0,#DIV/0!,#DIV/0!
NTB,LOMBOK BARAT,95,95,92,90,92,95,92,94,94,95,96,96,#DIV/0!,94,95,94,96,#DIV/0!,90,92,96,85,85,89,86,71,80,61,57,54,43,43,29,28,2,0,0,0,0,0,0,#DIV/0!
NTB,LOMBOK TENGAH,92,89,89,92,92,91,93,90,92,95,92,95,#DIV/0!,93,95,97,99,#DIV/0!,91,95,97,92,95,91,90,90,92,49,37,41,42,26,29,22,5,0,0,0,0,0,0,#DIV/0!
NTB,LOMBOK TIMUR,94,95,94,95,89,92,94,96,92,94,96,95,#DIV/0!,96,95,94,97,#DIV/0!,93,94,91,87,94,92,90,84,80,77,78,81,66,60,55,52,7,1,0,0,0,0,0,#DIV/0!
NTB,LOMBOK UTARA,100,100,92,99,91,99,81,94,98,94,97,88,#DIV/0!,62,58,60,60,#DIV/0!,92,92,90,77,77,54,58,63,83,58,22,26,47,40,31,25,6,0,0,0,0,0,0,#DIV/0!
NTB,SUMBAWA,100,100,96,98,94,96,98,97,93,96,95,93,#DIV/0!,94,83,92,98,#DIV/0!,74,79,66,85,68,84,69,60,57,36,56,27,86,29,44,29,6,0,0,0,0,0,0,#DIV/0!
NTB,SUMBAWA BARAT,88,93,92,85,89,86,97,97,95,95,96,89,#DIV/0!,93,99,100,100,#DIV/0!,86,85,100,92,90,95,76,100,67,85,64,47,33,85,14,8,14,0,0,0,0,0,#DIV/0!,#DIV/0!
NTT,ALOR,77,74,80,86,81,85,83,59,85,96,96,78,#DIV/0!,74,74,72,73,#DIV/0!,72,64,68,83,79,63,63,43,39,45,52,46,54,25,18,15,0,0,8,0,0,0,#DIV/0!,#DIV/0!
NTT,BELU,96,98,98,100,100,99,99,98,100,98,94,98,#DIV/0!,93,96,98,97,#DIV/0!,95,95,98,87,92,92,95,97,100,100,100,100,100,71,82,47,2,0,0,0,0,0,#DIV/0!,#DIV/0!
NTT,ENDE,94,79,94,91,98,93,98,97,93,96,93,96,#DIV/0!,96,87,95,99,#DIV/0!,100,96,92,100,77,91,91,100,67,100,100,50,30,4,13,13,3,0,0,0,0,0,#DIV/0!,#DIV/0!
NTT,FLORES TIMUR,100,100,94,95,98,84,96,94,98,91,100,94,#DIV/0!,100,90,100,93,#DIV/0!,88,87,95,89,63,75,100,78,90,80,93,90,46,70,52,41,0,0,0,0,0,0,#DIV/0!,#DIV/0!
NTT,KOTA KUPANG,75,76,75,72,85,86,74,83,82,87,85,88,#DIV/0!,80,81,83,77,#DIV/0!,92,86,92,84,83,70,71,93,76,74,81,85,66,71,65,56,27,0,0,0,0,0,#DIV/0!,#DIV/0!
NTT,KUPANG,81,93,96,100,94,92,93,97,97,97,97,98,#DIV/0!,96,95,98,98,#DIV/0!,87,89,92,90,87,80,86,90,80,83,81,79,70,82,60,44,18,0,0,0,0,0,#DIV/0!,#DIV/0!
NTT,LEMBATA,96,89,91,94,85,96,100,87,94,100,94,100,#DIV/0!,98,97,100,98,#DIV/0!,46,69,29,56,25,40,50,#DIV/0!,0,0,0,50,0,0,33,20,10,0,0,0,0,0,#DIV/0!,#DIV/0!
NTT,MALAKA,100,100,100,100,100,100,100,98,100,100,100,100,#DIV/0!,100,97,100,97,#DIV/0!,91,97,84,86,94,85,68,75,63,55,43,57,33,6,9,0,0,0,0,0,0,0,#DIV/0!,#DIV/0!
NTT,MANGGARAI,100,100,21,45,98,100,60,0,98,95,100,100,#DIV/0!,100,94,91,100,#DIV/0!,76,77,78,90,67,93,79,91,100,85,88,100,71,33,21,7,0,0,0,0,0,0,#DIV/0!,#DIV/0!
NTT,MANGGARAI BARAT,98,2,2,100,98,96,93,97,94,99,99,96,#DIV/0!,96,99,97,100,#DIV/0!,50,40,11,29,25,24,29,35,38,28,33,0,27,22,13,6,0,0,0,0,0,#DIV/0!,#DIV/0!,#DIV/0!
NTT,MANGGARAI TIMUR,94,94,0,100,85,0,0,0,96,85,77,93,#DIV/0!,96,91,93,98,#DIV/0!,100,100,91,100,89,100,85,100,100,92,93,80,91,70,59,47,23,0,0,0,0,0,#DIV/0!,#DIV/0!
NTT,NAGEKEO,100,98,100,100,39,31,29,11,90,98,98,93,#DIV/0!,98,100,97,97,#DIV/0!,100,89,82,92,60,86,89,94,64,100,92,88,64,67,44,18,0,0,0,0,0,0,#DIV/0!,#DIV/0!
NTT,NGADA,92,89,0,83,93,86,30,94,85,98,88,94,#DIV/0!,94,97,100,100,#DIV/0!,60,81,73,100,78,50,40,57,57,67,50,50,20,33,50,0,0,0,0,0,0,0,#DIV/0!,#DIV/0!
NTT,ROTE NDAO,67,75,37,6,0,0,0,0,65,70,58,77,#DIV/0!,61,59,56,70,#DIV/0!,40,67,58,43,17,40,29,13,0,0,22,0,0,0,0,0,0,0,#DIV/0!,0,0,0,#DIV/0!,#DIV/0!
NTT,SABU RAIJUA,70,23,33,88,0,0,0,0,93,100,100,100,#DIV/0!,93,93,92,100,#DIV/0!,100,100,93,88,80,100,88,100,76,100,75,50,50,#DIV/0!,0,0,0,0,0,0,#DIV/0!,0,#DIV/0!,#DIV/0!
NTT,SIKKA,66,93,93,89,89,89,88,93,87,94,93,93,#DIV/0!,93,91,88,95,#DIV/0!,92,83,90,91,89,87,89,92,79,81,81,83,66,74,57,40,3,0,0,0,0,0,#DIV/0!,#DIV/0!
NTT,SUMBA BARAT,90,88,93,94,90,91,83,93,96,92,93,96,#DIV/0!,95,98,99,98,#DIV/0!,91,86,88,90,84,92,88,75,36,22,29,33,63,100,33,17,0,0,0,0,0,0,#DIV/0!,#DIV/0!
NTT,SUMBA BARAT DAYA,87,48,93,44,23,11,0,0,25,40,94,84,#DIV/0!,98,99,98,99,#DIV/0!,86,93,86,93,83,94,87,87,89,80,84,74,24,17,19,14,0,0,0,0,0,0,#DIV/0!,#DIV/0!
NTT,SUMBA TENGAH,100,56,0,0,47,0,0,18,100,7,0,100,#DIV/0!,41,0,4,#DIV/0!,#DIV/0!,100,100,88,86,50,100,100,100,100,100,#DIV/0!,#DIV/0!,100,91,71,90,33,0,0,0,0,0,#DIV/0!,#DIV/0!
NTT,SUMBA TIMUR,92,90,98,89,91,95,0,88,89,98,97,98,#DIV/0!,96,97,97,97,#DIV/0!,41,33,31,30,50,45,60,58,89,33,50,40,40,56,43,0,0,0,0,0,0,#DIV/0!,#DIV/0!,#DIV/0!
NTT,TIMOR TENGAH SELATAN,98,100,100,97,98,0,#DIV/0!,#DIV/0!,98,93,97,96,#DIV/0!,95,99,99,99,#DIV/0!,45,49,64,48,69,36,35,27,37,52,38,67,65,27,46,15,0,0,0,0,0,0,#DIV/0!,#DIV/0!
NTT,TIMOR TENGAH UTARA,100,100,98,95,93,90,3,2,90,87,96,95,#DIV/0!,93,85,100,98,#DIV/0!,47,69,56,67,56,33,36,29,44,25,44,25,13,0,27,0,0,0,0,0,#DIV/0!,0,#DIV/0!,#DIV/0!
MALUKU,BURU,73,76,83,81,#DIV/0!,3,53,21,60,58,28,7,#DIV/0!,3,3,10,0,#DIV/0!,73,50,77,50,75,57,50,33,36,33,20,13,80,43,100,33,0,0,0,0,0,0,#DIV/0!,#DIV/0!
MALUKU,BURU SELATAN,94,100,100,0,0,0,0,0,84,85,100,25,#DIV/0!,40,5,4,0,#DIV/0!,0,0,57,33,0,0,0,0,#DIV/0!,#DIV/0!,#DIV/0!,#DIV/0!,40,50,33,83,0,0,#DIV/0!,0,0,0,#DIV/0!,#DIV/0!
MALUKU,KEPULAUAN ARU,98,78,100,97,67,14,1,0,99,79,0,0,#DIV/0!,95,99,100,97,#DIV/0!,33,33,75,89,75,100,94,100,92,88,90,58,0,6,4,4,6,0,0,0,0,0,#DIV/0!,#DIV/0!
MALUKU,KOTA AMBON,75,71,78,69,76,79,77,79,72,36,48,49,#DIV/0!,79,67,70,64,#DIV/0!,89,89,85,96,89,97,79,100,78,78,82,67,70,65,53,42,8,0,0,0,0,0,0,#DIV/0!
MALUKU,KOTA TUAL,63,60,46,69,80,73,60,66,27,40,1,0,#DIV/0!,0,0,0,0,#DIV/0!,96,71,73,53,64,65,56,40,58,20,40,0,0,#DIV/0!,0,10,0,0,#DIV/0!,0,#DIV/0!,#DIV/0!,#DIV/0!,#DIV/0!
MALUKU,MALUKU BARAT DAYA,90,93,86,81,97,88,75,#DIV/0!,95,91,98,100,#DIV/0!,0,0,9,0,#DIV/0!,100,95,92,100,93,80,93,56,57,38,30,33,0,6,8,0,0,0,0,0,0,#DIV/0!,#DIV/0!,#DIV/0!
MALUKU,MALUKU TENGAH,87,74,71,53,78,69,95,86,89,94,6,96,#DIV/0!,5,0,5,0,#DIV/0!,71,83,46,79,82,80,78,33,48,47,62,83,45,43,52,39,9,0,0,0,0,0,#DIV/0!,#DIV/0!
MALUKU,MALUKU TENGGARA,88,88,62,65,90,95,92,95,97,98,100,100,#DIV/0!,99,100,98,100,#DIV/0!,100,100,97,96,100,71,70,75,73,55,14,67,0,6,0,0,0,0,0,0,0,#DIV/0!,#DIV/0!,#DIV/0!
MALUKU,MALUKU TENGGARA BARAT,90,90,91,88,15,100,96,89,93,96,97,0,#DIV/0!,0,0,0,0,#DIV/0!,91,73,57,38,75,67,46,85,38,29,50,50,0,0,0,0,0,0,0,#DIV/0!,#DIV/0!,#DIV/0!,#DIV/0!,#DIV/0!
MALUKU,SERAM BAGIAN BARAT,94,72,83,95,7,0,22,0,53,95,43,72,#DIV/0!,93,95,94,95,#DIV/0!,47,27,26,60,33,50,8,5,15,17,8,0,6,0,0,0,0,0,#DIV/0!,0,#DIV/0!,0,#DIV/0!,#DIV/0!
MALUKU,SERAM BAGIAN TIMUR,#DIV/0!,#DIV/0!,80,#DIV/0!,74,28,65,74,21,42,24,28,#DIV/0!,27,5,3,0,#DIV/0!,79,100,67,100,33,100,100,90,94,20,50,20,40,0,10,0,0,0,0,0,0,0,#DIV/0!,#DIV/0!
MALUT,HALMAHERA BARAT,74,79,74,75,89,76,77,84,89,79,87,79,#DIV/0!,76,79,80,82,#DIV/0!,87,79,65,69,89,90,77,80,73,63,79,72,47,56,35,10,33,0,0,0,0,0,0,#DIV/0!
MALUT,HALMAHERA SELATAN,64,47,44,24,79,82,80,0,94,91,91,87,100,88,91,87,88,#DIV/0!,84,67,71,61,55,76,53,61,33,47,48,62,29,50,19,6,0,0,0,0,0,0,#DIV/0!,#DIV/0!
MALUT,HALMAHERA TENGAH,60,63,100,70,59,53,25,0,67,65,73,43,100,88,96,86,100,#DIV/0!,100,100,38,#DIV/0!,100,71,75,100,67,50,0,0,40,0,0,#DIV/0!,14,0,0,0,0,0,#DIV/0!,#DIV/0!
MALUT,HALMAHERA TIMUR,88,19,38,7,75,92,0,#DIV/0!,69,77,79,82,100,76,72,38,12,#DIV/0!,100,50,40,67,56,60,50,60,100,100,50,#DIV/0!,50,75,50,25,0,0,0,0,#DIV/0!,#DIV/0!,#DIV/0!,#DIV/0!
MALUT,HALMAHERA UTARA,90,3,26,93,66,66,61,60,83,82,91,78,#DIV/0!,59,66,58,58,#DIV/0!,74,64,70,36,79,68,70,68,79,44,60,60,44,15,7,0,0,0,0,0,0,0,#DIV/0!,#DIV/0!
MALUT,KEPULAUAN SULA,90,73,73,94,88,88,91,86,78,89,75,84,#DIV/0!,85,63,70,63,#DIV/0!,100,67,67,33,67,67,100,83,80,67,75,64,33,80,14,33,0,0,0,0,0,#DIV/0!,#DIV/0!,#DIV/0!
MALUT,KOTA TERNATE,77,82,77,89,72,#DIV/0!,100,100,81,84,85,87,#DIV/0!,87,88,80,93,#DIV/0!,86,87,86,78,77,90,90,87,67,92,74,89,80,75,65,56,13,0,0,0,0,0,#DIV/0!,#DIV/0!
MALUT,KOTA TIDORE KEPULAUAN,72,69,85,55,90,84,74,85,83,85,86,80,#DIV/0!,80,81,83,84,#DIV/0!,88,71,83,67,100,75,25,64,50,17,45,42,56,33,23,37,0,0,0,0,0,0,#DIV/0!,#DIV/0!
MALUT,PULAU MOROTAI,66,41,29,0,9,0,0,0,94,100,100,87,#DIV/0!,79,4,3,0,#DIV/0!,100,71,100,100,100,100,#DIV/0!,50,50,14,17,50,33,0,58,10,13,0,0,0,0,0,#DIV/0!,#DIV/0!
MALUT,PULAU TALIABU,75,75,100,44,80,58,25,67,59,67,79,56,#DIV/0!,62,63,50,88,#DIV/0!,100,60,100,67,#DIV/0!,25,100,#DIV/0!,0,0,0,#DIV/0!,0,0,#DIV/0!,#DIV/0!,#DIV/0!,0,#DIV/0!,#DIV/0!,#DIV/0!,#DIV/0!,#DIV/0!,#DIV/0!
PAPUA,ASMAT,57,56,51,23,49,41,16,50,52,56,65,85,#DIV/0!,74,74,76,61,#DIV/0!,52,67,74,71,72,68,46,59,66,56,58,75,70,8,45,33,0,0,0,0,0,#DIV/0!,#DIV/0!,#DIV/0!
PAPUA,BIAK NUMFOR,63,60,57,61,76,76,80,85,79,84,81,81,#DIV/0!,83,68,71,80,#DIV/0!,77,48,37,57,30,35,51,53,65,40,40,39,44,33,54,19,11,0,0,0,0,0,#DIV/0!,#DIV/0!
PAPUA,BOVEN DIGOEL,90,85,81,58,72,51,49,63,91,88,89,95,#DIV/0!,94,81,91,86,#DIV/0!,92,90,93,70,69,57,68,50,83,71,79,69,37,65,62,54,31,0,0,0,0,0,#DIV/0!,#DIV/0!
PAPUA,DEIYAI,100,0,#DIV/0!,100,0,#DIV/0!,#DIV/0!,#DIV/0!,#DIV/0!,#DIV/0!,#DIV/0!,#DIV/0!,#DIV/0!,#DIV/0!,#DIV/0!,#DIV/0!,#DIV/0!,#DIV/0!,#DIV/0!,#DIV/0!,#DIV/0!,#DIV/0!,#DIV/0!,#DIV/0!,#DIV/0!,#DIV/0!,#DIV/0!,#DIV/0!,#DIV/0!,#DIV/0!,#DIV/0!,#DIV/0!,#DIV/0!,#DIV/0!,#DIV/0!,#DIV/0!,#DIV/0!,#DIV/0!,#DIV/0!,#DIV/0!,#DIV/0!,#DIV/0!
PAPUA,DOGIYAI,100,67,50,100,100,50,100,100,75,83,100,100,#DIV/0!,60,50,100,0,#DIV/0!,50,100,100,#DIV/0!,#DIV/0!,100,0,#DIV/0!,100,#DIV/0!,#DIV/0!,#DIV/0!,0,#DIV/0!,0,0,#DIV/0!,0,#DIV/0!,#DIV/0!,#DIV/0!,#DIV/0!,#DIV/0!,#DIV/0!
PAPUA,INTAN JAYA,#DIV/0!,100,#DIV/0!,#DIV/0!,0,#DIV/0!,#DIV/0!,#DIV/0!,#DIV/0!,#DIV/0!,#DIV/0!,0,#DIV/0!,0,0,0,#DIV/0!,#DIV/0!,#DIV/0!,#DIV/0!,#DIV/0!,#DIV/0!,#DIV/0!,#DIV/0!,#DIV/0!,#DIV/0!,#DIV/0!,#DIV/0!,#DIV/0!,#DIV/0!,#DIV/0!,#DIV/0!,#DIV/0!,#DIV/0!,#DIV/0!,#DIV/0!,#DIV/0!,#DIV/0!,#DIV/0!,#DIV/0!,#DIV/0!,#DIV/0!
PAPUA,JAYAPURA,74,80,76,71,79,73,86,88,75,76,78,73,#DIV/0!,80,76,72,76,#DIV/0!,77,71,71,71,69,69,60,49,53,40,30,23,32,34,31,8,2,0,0,0,0,0,#DIV/0!,#DIV/0!
PAPUA,JAYAWIJAYA,54,65,53,41,56,69,60,57,44,38,40,2,#DIV/0!,8,4,4,0,#DIV/0!,63,75,48,83,40,50,56,67,46,40,38,7,24,24,3,0,6,0,0,0,0,0,#DIV/0!,#DIV/0!
PAPUA,KEEROM,94,94,63,83,83,96,88,82,95,86,66,92,#DIV/0!,64,13,47,90,#DIV/0!,46,22,50,50,#DIV/0!,33,50,67,67,100,33,100,0,75,75,73,0,0,0,#DIV/0!,0,0,#DIV/0!,#DIV/0!
PAPUA,KOTA JAYAPURA,67,68,65,64,71,73,69,70,63,61,57,46,100,39,42,34,39,#DIV/0!,61,67,68,54,63,45,34,23,30,26,15,19,24,13,5,16,9,0,0,0,0,0,0,#DIV/0!
PAPUA,LANNY JAYA,0,0,0,#DIV/0!,#DIV/0!,0,#DIV/0!,#DIV/0!,#DIV/0!,50,100,25,#DIV/0!,67,50,100,25,#DIV/0!,#DIV/0!,0,0,0,#DIV/0!,0,#DIV/0!,0,0,0,#DIV/0!,0,0,100,50,0,#DIV/0!,#DIV/0!,#DIV/0!,#DIV/0!,#DIV/0!,#DIV/0!,#DIV/0!,#DIV/0!
PAPUA,MAMBERAMO RAYA,#DIV/0!,#DIV/0!,#DIV/0!,#DIV/0!,25,50,0,0,11,0,0,0,#DIV/0!,0,0,47,30,#DIV/0!,#DIV/0!,0,0,0,0,0,#DIV/0!,#DIV/0!,#DIV/0!,#DIV/0!,#DIV/0!,#DIV/0!,#DIV/0!,#DIV/0!,0,0,0,0,0,0,0,#DIV/0!,#DIV/0!,#DIV/0!
PAPUA,MAMBERAMO TENGAH,#DIV/0!,#DIV/0!,#DIV/0!,#DIV/0!,0,#DIV/0!,#DIV/0!,#DIV/0!,0,0,#DIV/0!,0,#DIV/0!,#DIV/0!,#DIV/0!,#DIV/0!,#DIV/0!,#DIV/0!,#DIV/0!,#DIV/0!,#DIV/0!,#DIV/0!,#DIV/0!,#DIV/0!,0,100,#DIV/0!,#DIV/0!,#DIV/0!,#DIV/0!,#DIV/0!,#DIV/0!,#DIV/0!,#DIV/0!,0,#DIV/0!,#DIV/0!,#DIV/0!,#DIV/0!,#DIV/0!,#DIV/0!,#DIV/0!
PAPUA,MAPPI,80,84,84,80,87,87,82,79,89,89,82,86,#DIV/0!,83,86,89,86,#DIV/0!,94,88,85,90,85,93,91,93,93,91,85,88,86,83,63,28,2,0,0,0,0,0,0,#DIV/0!
PAPUA,MERAUKE,62,57,48,56,79,77,70,70,79,82,76,86,100,88,86,83,82,#DIV/0!,87,87,92,90,83,82,79,63,73,61,55,48,46,44,38,22,5,0,0,0,0,0,#DIV/0!,#DIV/0!
PAPUA,MIMIKA,67,68,67,72,75,78,73,76,78,76,73,74,#DIV/0!,74,72,70,75,#DIV/0!,69,76,72,72,68,77,77,73,70,58,53,63,59,49,50,13,7,0,0,0,0,0,0,#DIV/0!
PAPUA,NABIRE,66,65,63,61,66,69,68,60,68,72,71,72,#DIV/0!,75,76,76,74,#DIV/0!,81,71,75,82,79,76,66,80,73,70,82,65,48,43,21,2,0,0,0,0,0,0,0,#DIV/0!
PAPUA,NDUGA,#DIV/0!,#DIV/0!,0,#DIV/0!,#DIV/0!,#DIV/0!,#DIV/0!,#DIV/0!,#DIV/0!,#DIV/0!,#DIV/0!,#DIV/0!,#DIV/0!,#DIV/0!,#DIV/0!,#DIV/0!,#DIV/0!,#DIV/0!,#DIV/0!,#DIV/0!,#DIV/0!,#DIV/0!,#DIV/0!,#DIV/0!,#DIV/0!,#DIV/0!,#DIV/0!,#DIV/0!,#DIV/0!,#DIV/0!,#DIV/0!,#DIV/0!,#DIV/0!,#DIV/0!,#DIV/0!,#DIV/0!,#DIV/0!,#DIV/0!,#DIV/0!,#DIV/0!,#DIV/0!,#DIV/0!
PAPUA,PANIAI,59,59,65,70,60,58,66,64,49,67,54,66,#DIV/0!,56,0,0,0,#DIV/0!,61,71,75,47,83,56,38,25,56,38,29,45,22,32,6,0,0,0,0,0,0,0,#DIV/0!,#DIV/0!
PAPUA,PEGUNUNGAN BINTANG,38,0,0,#DIV/0!,0,0,0,7,44,50,40,59,#DIV/0!,0,47,22,0,#DIV/0!,67,33,75,50,20,0,29,80,44,50,50,50,25,100,40,0,0,0,0,0,#DIV/0!,0,#DIV/0!,#DIV/0!
PAPUA,PUNCAK,0,#DIV/0!,100,33,#DIV/0!,0,#DIV/0!,#DIV/0!,100,0,25,0,#DIV/0!,#DIV/0!,0,10,0,#DIV/0!,#DIV/0!,67,50,50,50,100,50,100,100,#DIV/0!,#DIV/0!,#DIV/0!,0,#DIV/0!,#DIV/0!,0,#DIV/0!,#DIV/0!,#DIV/0!,#DIV/0!,#DIV/0!,#DIV/0!,#DIV/0!,#DIV/0!
PAPUA,PUNCAK JAYA,#DIV/0!,#DIV/0!,#DIV/0!,#DIV/0!,0,0,#DIV/0!,0,0,0,0,0,#DIV/0!,0,0,#DIV/0!,#DIV/0!,#DIV/0!,75,100,#DIV/0!,50,#DIV/0!,0,0,50,0,0,0,0,50,100,100,0,#DIV/0!,#DIV/0!,#DIV/0!,#DIV/0!,0,#DIV/0!,#DIV/0!,#DIV/0!
PAPUA,SARMI,21,33,31,93,42,56,48,38,48,6,17,0,#DIV/0!,0,0,0,0,#DIV/0!,77,69,80,22,33,78,25,0,100,#DIV/0!,0,60,0,80,0,0,0,0,0,0,0,#DIV/0!,#DIV/0!,#DIV/0!
PAPUA,SUPIORI,26,57,100,#DIV/0!,27,11,0,#DIV/0!,26,0,0,0,#DIV/0!,0,0,0,0,#DIV/0!,50,0,#DIV/0!,0,#DIV/0!,#DIV/0!,#DIV/0!,0,0,#DIV/0!,#DIV/0!,#DIV/0!,50,50,50,33,0,0,#DIV/0!,0,#DIV/0!,#DIV/0!,#DIV/0!,#DIV/0!
PAPUA,TOLIKARA,0,0,#DIV/0!,#DIV/0!,0,#DIV/0!,#DIV/0!,#DIV/0!,78,56,#DIV/0!,#DIV/0!,#DIV/0!,6,#DIV/0!,67,88,#DIV/0!,#DIV/0!,#DIV/0!,#DIV/0!,#DIV/0!,#DIV/0!,#DIV/0!,#DIV/0!,#DIV/0!,#DIV/0!,#DIV/0!,#DIV/0!,#DIV/0!,#DIV/0!,#DIV/0!,0,#DIV/0!,#DIV/0!,#DIV/0!,#DIV/0!,#DIV/0!,#DIV/0!,#DIV/0!,#DIV/0!,#DIV/0!
PAPUA,WAROPEN,100,100,100,100,100,57,83,89,44,46,40,70,#DIV/0!,79,91,78,90,#DIV/0!,100,80,100,#DIV/0!,#DIV/0!,#DIV/0!,100,17,#DIV/0!,100,80,100,100,#DIV/0!,67,67,#DIV/0!,0,0,0,#DIV/0!,#DIV/0!,#DIV/0!,#DIV/0!
PAPUA,YAHUKIMO,50,50,#DIV/0!,0,0,#DIV/0!,#DIV/0!,#DIV/0!,60,14,0,#DIV/0!,#DIV/0!,3,0,0,0,#DIV/0!,17,27,12,0,11,0,5,15,0,0,0,0,0,10,0,0,0,0,0,#DIV/0!,0,#DIV/0!,#DIV/0!,#DIV/0!
PAPUA,YALIMO,100,100,100,67,#DIV/0!,100,#DIV/0!,100,100,67,0,0,#DIV/0!,67,100,0,100,#DIV/0!,#DIV/0!,100,0,#DIV/0!,0,#DIV/0!,33,#DIV/0!,#DIV/0!,0,0,#DIV/0!,0,#DIV/0!,#DIV/0!,#DIV/0!,0,#DIV/0!,#DIV/0!,#DIV/0!,#DIV/0!,#DIV/0!,#DIV/0!,#DIV/0!
PAPUA,KEPULAUAN YAPEN,78,74,80,82,68,87,81,44,82,65,60,56,#DIV/0!,59,4,2,0,#DIV/0!,31,38,11,40,0,57,4,0,9,0,0,0,0,20,0,#DIV/0!,0,#DIV/0!,#DIV/0!,#DIV/0!,#DIV/0!,#DIV/0!,#DIV/0!,#DIV/0!
PAPUA BARAT,FAKFAK,67,63,74,67,58,55,19,5,53,42,56,66,100,63,63,80,79,#DIV/0!,87,67,85,70,90,86,84,84,79,69,100,75,73,84,83,50,13,0,0,0,0,0,0,#DIV/0!
PAPUA BARAT,KAIMANA,91,89,100,91,94,78,32,0,59,85,3,0,#DIV/0!,73,51,44,72,#DIV/0!,89,75,70,100,100,63,75,82,45,62,60,50,75,67,65,71,15,0,0,0,0,0,#DIV/0!,#DIV/0!
PAPUA BARAT,KOTA SORONG,81,84,48,76,26,19,19,0,19,48,20,13,#DIV/0!,49,64,63,80,#DIV/0!,67,71,64,73,81,46,57,65,85,67,82,65,61,65,35,42,11,4,0,0,0,0,#DIV/0!,#DIV/0!
PAPUA BARAT,MANOKWARI,73,75,68,65,77,63,61,0,78,68,60,1,#DIV/0!,54,63,65,61,#DIV/0!,71,74,76,84,78,56,62,64,57,61,51,45,67,68,52,16,12,0,0,0,0,0,0,#DIV/0!
PAPUA BARAT,MANOKWARI SELATAN,89,100,#DIV/0!,#DIV/0!,20,0,0,0,3,0,0,0,#DIV/0!,71,64,64,#DIV/0!,#DIV/0!,60,#DIV/0!,67,57,#DIV/0!,64,100,#DIV/0!,100,0,0,#DIV/0!,71,75,50,20,0,#DIV/0!,#DIV/0!,#DIV/0!,0,#DIV/0!,#DIV/0!,#DIV/0!
PAPUA BARAT,MAYBRAT,#DIV/0!,#DIV/0!,#DIV/0!,#DIV/0!,#DIV/0!,#DIV/0!,#DIV/0!,#DIV/0!,#DIV/0!,#DIV/0!,#DIV/0!,#DIV/0!,#DIV/0!,0,#DIV/0!,0,0,#DIV/0!,#DIV/0!,#DIV/0!,#DIV/0!,#DIV/0!,#DIV/0!,#DIV/0!,#DIV/0!,#DIV/0!,#DIV/0!,#DIV/0!,#DIV/0!,#DIV/0!,#DIV/0!,#DIV/0!,#DIV/0!,#DIV/0!,#DIV/0!,#DIV/0!,#DIV/0!,#DIV/0!,#DIV/0!,#DIV/0!,#DIV/0!,#DIV/0!
PAPUA BARAT,PEGUNUNGAN ARFAK,#DIV/0!,#DIV/0!,#DIV/0!,#DIV/0!,#DIV/0!,#DIV/0!,#DIV/0!,#DIV/0!,#DIV/0!,#DIV/0!,#DIV/0!,#DIV/0!,#DIV/0!,#DIV/0!,#DIV/0!,#DIV/0!,#DIV/0!,#DIV/0!,#DIV/0!,#DIV/0!,#DIV/0!,#DIV/0!,#DIV/0!,#DIV/0!,#DIV/0!,0,#DIV/0!,#DIV/0!,#DIV/0!,#DIV/0!,#DIV/0!,#DIV/0!,#DIV/0!,#DIV/0!,#DIV/0!,#DIV/0!,#DIV/0!,#DIV/0!,#DIV/0!,#DIV/0!,#DIV/0!,#DIV/0!
PAPUA BARAT,RAJA AMPAT,83,75,35,14,63,50,0,#DIV/0!,0,0,0,56,#DIV/0!,82,79,77,69,#DIV/0!,100,82,33,86,100,86,82,100,#DIV/0!,80,100,100,50,60,67,0,0,0,0,0,0,#DIV/0!,#DIV/0!,#DIV/0!
PAPUA BARAT,SORONG,53,41,68,58,43,24,17,2,48,12,12,16,#DIV/0!,20,19,34,35,#DIV/0!,39,50,59,25,25,67,50,55,64,45,53,71,63,31,28,10,0,0,0,0,0,0,#DIV/0!,#DIV/0!
PAPUA BARAT,SORONG SELATAN,70,97,99,100,#DIV/0!,#DIV/0!,#DIV/0!,#DIV/0!,90,95,0,100,#DIV/0!,96,97,96,94,#DIV/0!,100,82,67,33,100,0,100,0,0,#DIV/0!,#DIV/0!,#DIV/0!,29,33,38,80,0,0,0,0,0,#DIV/0!,#DIV/0!,#DIV/0!
PAPUA BARAT,TAMBRAUW,#DIV/0!,#DIV/0!,#DIV/0!,#DIV/0!,#DIV/0!,#DIV/0!,#DIV/0!,#DIV/0!,#DIV/0!,#DIV/0!,#DIV/0!,#DIV/0!,#DIV/0!,#DIV/0!,#DIV/0!,#DIV/0!,#DIV/0!,#DIV/0!,100,100,#DIV/0!,#DIV/0!,100,#DIV/0!,#DIV/0!,#DIV/0!,#DIV/0!,#DIV/0!,100,#DIV/0!,#DIV/0!,#DIV/0!,#DIV/0!,#DIV/0!,#DIV/0!,0,#DIV/0!,#DIV/0!,#DIV/0!,#DIV/0!,#DIV/0!,#DIV/0!
PAPUA BARAT,TELUK BINTUNI,45,39,50,#DIV/0!,22,3,0,#DIV/0!,68,42,25,16,#DIV/0!,62,75,58,42,#DIV/0!,53,71,65,29,33,38,25,36,38,40,54,40,42,14,15,10,0,0,0,0,0,0,#DIV/0!,#DIV/0!
PAPUA BARAT,TELUK WONDAMA,63,63,76,60,56,5,46,5,52,61,38,70,#DIV/0!,44,47,87,86,#DIV/0!,80,33,100,100,67,100,43,86,57,71,83,75,100,56,83,50,0,0,0,0,0,0,#DIV/0!,#DIV/0!